date,ticker,price,entry_price
2010-09-29,AFOP,3.9042,1.928058277113211
2010-10-28,KNWND,3990.0398,2024.6480646553694
2010-12-07,LKCO1,50.5,23.5
2011-01-11,TQNT,13.63,6.929999828338623
2011-02-15,LUFK,74.7789,37.850101470947266
2011-02-16,TNGN,28.45,25.842663079206535
2011-02-18,CLNH_old,28.571,11.428999900817871
2011-02-22,ATMS,375.0,215.0
2011-02-23,HS,36.75,18.89385247130257
2011-02-24,RTW,6.87,3.156477429681186
2011-03-01,SRZ,9.5404,4.704182713182895
2011-03-02,PTXTQ,11.09,6.069414671176186
2011-03-25,GLBL_old1,9.55,4.629852199096358
2011-04-04,ISTA,11.0,5.130000114440918
2011-04-05,CRDN,46.3715,22.85667861706145
2011-04-18,ANN,31.15,15.482829133500347
2011-04-25,GNOM2,15.11,7.498963975578501
2011-04-28,REDF,16.4,7.5
2011-05-11,FEIC,36.5675,18.7731990814209
2011-06-29,CPHD,34.07,16.860568151927303
2011-07-05,ESND,29.5554,14.861238202231762
2011-07-25,ATHN,2043.3,985.5511696859578
2011-11-08,MDVN,10.565,5.357500076293945
2011-12-06,RLH,6.92,0.7994197112633532
2011-12-20,LEAF,68.045,27.142935298640715
2012-01-25,ATMS,375.0,175.0
2012-01-30,CSUNY,2.35,1.1416370005984608
2012-01-30,CSUN,2.35,1.1416370005984608
2012-02-02,SWHC,5.24,2.5707567589894214
2012-02-02,AOBC,5.2241,2.5630036125542137
2012-02-10,SOL,14.8,7.662935929401102
2012-02-10,SOL_old,14.8,7.662935929401102
2012-02-17,CAB,33.42,15.602522911858637
2012-02-21,ARST,53.3333,23.100000381469727
2012-03-08,GCA,6.55,3.0044971963148157
2012-03-08,EVRI,6.55,3.0044971963148157
2012-03-12,ABK,2.03,0.578499972820282
2012-03-20,NQ,10.88,5.332535670667633
2012-03-20,LKM,10.88,5.332535670667633
2012-03-28,VELTF,13.73,6.800598148195288
2012-04-02,AOI,39.7,19.399999618530273
2012-04-12,PCNTD,70.8333,33.5
2012-04-13,ELLI,11.65,5.7599980977616285
2012-04-16,MFRM,45.38,22.136049487379726
2012-05-03,DGAS,17.9296,7.794083603828546
2012-05-11,TRAK_old,31.36,15.609999656677246
2012-05-14,TNGO,22.05,11.3100004196167
2012-06-08,RIVU,17.0,8.25882328092846
2012-06-14,NLNK,134.73,63.379867725045614
2012-06-14,LUMO,134.73,63.379867725045614
2012-06-27,CBM,8.71,4.409999847412109
2012-07-09,SYNC,17.34,7.559999942779541
2012-07-27,RAVN,29.5401,11.6496000289917
2012-08-08,SRNEQ,7.75,3.75
2012-09-17,LLFLQ,52.71,25.47712068249173
2012-09-17,LL,52.71,25.47712068249173
2012-09-21,CRAY,13.47,6.400000095367432
2012-10-04,CAMP_old,212.75,98.9000015258789
2012-10-04,CAMPQ,212.75,98.9000015258789
2012-10-25,PGTI,4.3,2.0590609403793816
2012-11-15,STEC_old1,23.0,11.528262382951977
2012-12-10,CIVI,1923.99,962.6048589280641
2013-01-02,SRDX,23.21,11.155039620471324
2013-01-04,BECN,34.74,17.059999465942383
2013-01-14,KATY,0.48,0.18000000715255737
2013-01-14,KATYQ,0.48,0.18000000715255737
2013-01-18,HEES,12.4218,5.975800037384033
2013-01-28,ZQK,6.56,3.119378694745393
2013-01-28,ZQKSQ,6.56,3.119378694745393
2013-02-07,HGSH,16.96,8.144898719342086
2013-02-11,HMST,23.0683,11.337400436401367
2013-02-11,PJC,38.1904,18.939699172973633
2013-02-13,PLKI,31.18,15.585097078968724
2013-02-14,FURX,36.16,17.790000915527344
2013-02-19,TLRA,31.45,16.469160558619578
2013-02-21,NTSP,15.82,7.409999847412109
2013-02-27,ABK,0.5327,0.5234000086784363
2013-02-28,AJRD,10.8583,5.4405157287857175
2013-02-28,FCCND,7.6,3.799999952316284
2013-03-07,BFX,7.08,3.4329376771865663
2013-03-07,BFXXQ,7.08,3.4330918163790427
2013-03-07,NLS,7.08,3.4330918163790427
2013-03-08,HPTX,23.38,10.860106675254693
2013-03-12,SEH,10.61,5.091162206372684
2013-03-15,OWW,5.71,2.752546363114285
2013-03-19,CLVS,27.62,14.279190108279721
2013-03-19,CLVSQ,27.62,14.279190108279721
2013-03-21,OMPI,19.75,9.430000305175781
2013-03-27,AXDX,85.1308,40.60235262766625
2013-03-27,AXDXQ,85.2,40.63532429675837
2013-03-27,POWR_old,12.39,5.989999771118164
2013-04-01,ARII,36.6441,19.15880012512207
2013-04-03,SOBRD,8.0,4.0
2013-04-09,SSI,17.7643,8.835174318899606
2013-04-11,CRRSQ,1.79,0.8500000238418579
2013-04-11,CRRS,1.79,0.8500000238418579
2013-04-22,ISIS,21.81,9.965473511489893
2013-04-26,AAMC,124.1176,48.23529815673828
2013-04-30,ACTS_old,3.37,1.647418807809863
2013-05-13,CLNH_old,34.0,15.71399974822998
2013-05-13,AVTA,18.01,9.139365454372474
2013-05-14,QCOR,42.4,18.469999313354492
2013-05-15,FHCO,8.0055,3.9726936944461255
2013-05-29,CVG,15.412,7.767368090376157
2013-05-31,ACETQ,11.7437,5.931300163269043
2013-06-12,AFOP,11.0569,5.717761002755799
2013-06-13,CTB,30.445,13.785667363445109
2013-06-18,USMD_old,35.01,11.81981981424873
2013-06-27,XONE_old,58.97,27.190000534057617
2013-06-28,SMRT_old,5.6921,2.9033387863007674
2013-07-02,TESS,20.2267,9.938305138191847
2013-07-12,CCF,23.6584,10.989873874483221
2013-07-16,TAXA,16.3001,7.784399986267092
2013-07-16,FRG,12.7433,6.085899829864504
2013-07-16,IQNT,8.1243,2.941999912261963
2013-07-16,RVLT,47.15,23.03549177611745
2013-07-16,CTG,23.1465,11.652899742126465
2013-07-16,SHFL,22.81,9.329213802742652
2013-07-16,RPXC,18.3236,8.979126791984473
2013-07-18,STML,27.94,14.34000015258789
2013-07-19,APFC,33.74,15.4399995803833
2013-07-19,FIRE,59.8,29.886717299623335
2013-07-24,SOL,21.55,10.942578738135122
2013-07-24,SOL_old,21.55,10.942578738135122
2013-07-25,NP_old,31.4466,15.494491661115092
2013-07-26,RELYQ,11.1,5.699999809265137
2013-07-29,AMBI_old,13.78,7.131800211520963
2013-08-05,VPRT,55.72,26.700000762939453
2013-08-06,FTLFD,5.5,2.75
2013-08-08,PFPT,29.18,14.640510220298461
2013-08-09,GENTY,18.12,8.018014839937521
2013-08-12,BETS_old,1399.0,551.321609264209
2013-08-14,OSIR,22.1779,7.7140004168381155
2013-08-15,INSY,8.1867,3.6939150241543723
2013-08-26,FRM,9.88,4.882823248857016
2013-08-29,ZLC,12.5,5.519999980926514
2013-09-05,SPA,21.31,10.012025011894483
2013-09-05,ROCM,19.89,9.464236813299088
2013-09-10,BLOX_old,41.93,20.567820001418845
2013-09-12,SNCR,332.37,164.85668039051234
2013-09-17,ECIGQ,83.55,30.0
2013-09-18,ROLL,62.2521,30.066661186295345
2013-09-20,EOPN,24.76,12.855840474027984
2013-09-24,PETX,19.22,8.170000076293945
2013-09-26,GCAP,10.6913,5.067559741332894
2013-10-02,DYAX,7.14,3.4800000190734863
2013-10-10,TDCH,75.0,35.0
2013-10-15,HPY,40.2678,20.036219191543143
2013-10-21,FOE,10.4,5.188110038865901
2013-10-21,EFII,34.63,17.219999313354492
2013-10-21,EQM,33.8424,16.760422320497778
2013-10-23,STEL_old,23.2168,11.594400405883789
2013-10-25,PRO,36.17,17.710196159213247
2013-10-28,CTCT,27.66,12.597788411312669
2013-10-29,BREW_old,17.5,8.694905080050782
2013-10-30,SONC,17.7437,8.904399871826172
2013-11-12,IL,10.97,5.482928770619135
2013-11-14,AKRX,21.5,10.760000228881836
2013-11-14,CPLA,59.1394,29.22843423925832
2013-11-14,SMRTQ,15.98,7.843291445008031
2013-11-14,AKRXQ,21.5,10.760000228881836
2013-11-15,DWRE,64.37,30.598187025315767
2013-11-22,SHLO,20.76,9.896472615153984
2013-11-26,AIRM,55.48,27.443148137559998
2013-11-26,ERN,17.4714,8.524361554527568
2013-11-26,VPCO,42.5,17.27643289604595
2013-11-27,CIR,78.2657,39.264471826342785
2013-11-29,SNAK,12.79,6.249528911783116
2013-11-29,NTUS,23.03,11.217686445696467
2013-12-02,PRFT,21.27,10.285464221010956
2013-12-04,DSOX,1.16,0.5602746509183908
2013-12-06,CALD,12.08,5.849999904632568
2013-12-12,COOP,24.4872,10.123884091669938
2013-12-12,NSTGQ,16.26,7.718607300822449
2013-12-12,NSTG,16.26,7.718206537567683
2013-12-12,WMIH,24.72,10.22020574666711
2013-12-16,SHOR,8.37,4.289999961853027
2013-12-16,INVS,246.0,121.05918669727261
2013-12-17,CBB,86.75,26.79974278077455
2013-12-23,MPX,5.8917,2.8941898096418037
2013-12-26,BKMU,6.485,3.205399990081787
2014-01-02,REIS,16.5842,8.423600196838379
2014-01-08,OMED,31.63,15.5115421911264
2014-01-08,FRP,12.56,6.150000095367432
2014-01-08,CRAY,32.0,14.220000267028809
2014-01-09,TTPH,320.0,141.9391770221449
2014-01-09,EGL,29.793,14.588237707028862
2014-01-10,HILL,4.25,1.9642038905721895
2014-01-10,XLRN,47.15,22.64175155518
2014-01-13,PMC,24.35,12.770000457763672
2014-01-14,TSGL,1000.0,500.0
2014-01-15,SNMX,7.04,3.2100000381469727
2014-01-15,CCMP,43.9351,21.397499084472656
2014-01-22,RCPT,43.05,20.350730328028128
2014-01-23,VG_old,4.42,2.0500548968695527
2014-01-23,OKSB,17.3919,8.728463842866145
2014-01-27,RGRXD,18.62,8.0
2014-01-27,TMBXD,8.6,5.0
2014-01-31,QUESD,272.0,82.64311403256495
2014-02-04,INLBD,220.0,80.0
2014-02-12,FLUXD,15.0,5.059315819433369
2014-02-12,KYTH,48.33,24.63476122662376
2014-02-13,IDTI,11.75,5.815092175454602
2014-02-14,GTTNQ,12.49,5.481856573877551
2014-02-14,CYBX,71.72,35.7854234144788
2014-02-14,GTTN,12.49,5.481856573877551
2014-02-14,GTT,12.49,5.481856573877551
2014-02-24,STVVY,3.46,1.747292117308943
2014-02-24,STV,3.46,1.747292117308943
2014-02-24,EQUR,0.97,0.6299999952316284
2014-02-27,PMCBD,0.51,0.18440000712871552
2014-02-28,AERI,22.97,11.511307969510055
2014-03-03,BIOA_old,14.54,7.213515171428806
2014-03-03,BIOAQ,14.54,7.213515171428806
2014-03-04,DALN,13.7695,6.059899806976318
2014-03-12,ARDM,544.0,296.22856358119424
2014-03-12,TRTC,21.0,8.01404619648623
2014-03-17,VYSTD,16.5,5.5
2014-03-17,RCAP,31.8905,15.359220157211613
2014-03-21,DAVE_old,31.25,15.59000015258789
2014-03-21,BBQ,31.25,15.59000015258789
2014-03-27,MITL,10.77,5.317103949761053
2014-04-01,IVAC,9.6081,4.657899856567383
2014-04-03,DHIL,80.5687,40.82350158691406
2014-04-04,EQUR,1.0,0.6100000143051147
2014-04-29,PTSI,6.1825,3.017381407571847
2014-05-06,EMES_old,75.7284,34.4213981628418
2014-05-07,EMESZ,82.74,39.939998626708984
2014-05-16,CXDC,8.5,4.179999828338623
2014-06-16,FCCND,4.099,2.0999999046325684
2014-07-22,DIGP,50.0,30.0
2014-07-25,OMNT,350.0,200.0
2014-08-01,CHMD,0.027,0.010099999606609351
2014-08-04,IBCA_old,9.39,4.653108423950676
2014-08-19,CHGT,2.65,1.2533826469441525
2014-08-22,WIZDD,332.0,160.0
2014-08-22,WIZD,332.0,160.0
2014-08-25,ELRN,3.0,2.0999999046325684
2014-10-16,PENX,18.64,8.212290263589013
2014-10-20,ESI1,12.68,4.322485016881882
2014-10-29,FFNW,8.79,4.374122851797224
2014-10-30,TAXA,33.0305,16.342075859932844
2014-10-30,FRG,25.8229,12.776116606071977
2014-10-31,AMWD,40.91,20.209299087524414
2014-11-03,ABMD,32.52,16.3801619333942
2014-11-03,VDSI,25.48,12.523018387861764
2014-11-25,DENN,9.66,4.599999904632568
2014-11-26,ABAX,55.2378,27.022432497992597
2014-11-28,TSRA,34.18,17.18304681871382
2014-12-10,BLUE,1070.8414,329.23959248403605
2015-01-05,ADVM,589.45,279.8999938964844
2015-01-14,ANCX,15.509,7.913888153955
2015-01-26,VYSTD,10.0,5.0
2015-02-05,OHGID,1387.5,756.25
2015-02-17,ASPX,68.89,31.576877638598553
2015-02-17,MTL,3.1,1.3853412225618555
2015-02-24,PFNX,13.47,6.484344441712582
2015-03-03,PSEM,15.9,8.180000305175781
2015-03-05,OREXQ,80.1,41.240028852668665
2015-03-05,OREX,80.1,41.240028852668665
2015-03-23,FDP,30.958,15.436881110175575
2015-03-31,FFG,46.3398,22.618799209594727
2015-04-02,SCLN,8.97,4.580008308856952
2015-04-16,SAGE,61.31,29.156737916442065
2015-04-24,SQNM,4.52,2.279571447751792
2015-04-28,DTSI,37.2374,18.53167798500214
2015-05-01,JBT,36.9216,17.458099365234375
2015-05-04,IMPM,28.5,12.70093013746632
2015-05-04,IMH,28.5,12.700541935769406
2015-05-04,ELLI,64.65,31.1299991607666
2015-05-13,EBIX,30.8377,14.878006066238383
2015-05-13,EBIXQ,30.8374,14.877804726430508
2015-05-14,NVRO,53.65,26.989999771118164
2015-05-15,AMCN,101.6,51.20000076293945
2015-05-15,ANTE,101.6,51.20000076293945
2015-05-19,EGIOQ,172.4,85.08604315069283
2015-05-19,EGIO,172.4,85.08604315069283
2015-05-19,LLNW,172.4,85.08604315069283
2015-05-21,ATSG,10.78,5.4366180768334
2015-05-21,ALDR,38.8,20.06999969482422
2015-05-21,CORI,12.89,6.104128994383578
2015-05-26,ZSPH,58.9,28.75
2015-06-09,BRLI_old,40.01,20.100891148627497
2015-06-11,SIGM,11.17,4.912303507348492
2015-06-15,APEX,795.9,385.09039306640625
2015-06-15,CHKE,795.9,385.09039306640625
2015-06-15,VBHI,220.0,97.00000000000004
2015-06-15,KIRK,25.62,13.175836333672903
2015-06-16,FFKT,29.6347,14.729700088500977
2015-07-17,OPHT,69.93,30.345976321437373
2015-07-17,ISEE,69.93,30.345976321437373
2015-07-28,OCEL,77.7778,33.33330154418945
2015-07-28,BSTC,66.69,31.665340684734478
2015-07-29,HSHS,6.1,0.8500000238418579
2015-08-05,WAYSD,20.0,10.0
2015-08-18,CEADD,32.9983,14.225446752377827
2015-08-28,ABCD,5.28,2.536055983222469
2015-09-02,REBL,1.51,0.5099999904632568
2015-09-29,MDTR,38.0,12.18255377013415
2015-10-02,MSG,171.5,48.093299865722656
2015-10-07,WAYSD,19.8,18.649999618530273
2015-10-29,OCLR,2.99,1.451421697350313
2015-11-02,MJMI,2.15,0.9300000071525574
2015-11-06,CSGS,29.7825,14.410671050765332
2015-12-03,SYKE,31.57,15.916132042367124
2015-12-28,YECO_old,21.75,10.75
2015-12-30,PBY1,18.39,9.205802604618981
2015-12-30,MNRK,17.9963,8.930938572559825
2016-01-06,SMPRD,2.0,1.0000000000000002
2016-01-07,VYSTD,10.0,5.0
2016-02-23,CNBXD,10.8,5.294806709205563
2016-04-13,NEUL,0.99,0.5
2016-04-14,PLPM,3.81,1.899999976158142
2016-04-25,HPR,424.3476,199.86896142693396
2016-04-25,BBG,8.49,3.9988160703827957
2016-04-28,AMED,52.14,26.42239115477366
2016-05-02,ZEUS,22.2077,10.047300338745117
2016-05-09,MFSF,25.6088,12.564810972264798
2016-05-12,CVOVQ,6.8,3.068543163062841
2016-05-24,AVXS,42.81,19.690302378453865
2016-06-06,USMD_old,22.07,10.75
2016-06-07,RYI,13.5758,6.765699863433838
2016-06-15,MCF,13.23,6.531415886927077
2016-06-20,RDEN,13.89,6.199999809265137
2016-06-21,AIOM,1.4,0.699999988079071
2016-07-21,XOXO,17.96,9.294221064411422
2016-07-27,SPAR,8.0347,3.777979244089576
2016-07-27,SHYF,7.6606,3.60200779105824
2016-07-28,LOGM,81.3912,37.06385936201418
2016-08-01,VVI,34.5448,16.048200607299805
2016-08-09,MFRM,63.76,29.927958426940865
2016-08-15,REN,17.42,7.033605402087928
2016-08-24,PCMI,19.22,9.59000015258789
2016-08-26,NNMXD,29.41,12.109999656677246
2016-08-29,BCOV,12.63,6.050000190734863
2016-09-06,XTLY,14.59,7.300000190734863
2016-09-06,RIVU,0.4,0.20000000298023224
2016-09-06,JMDA,14.0,5.0000000000000036
2016-09-22,ARIA,13.63,6.564079041006245
2016-09-27,CLSD,249.75,105.76215632617877
2016-10-04,VYSTD,14.0,6.699999809265137
2016-10-10,APYPD,0.7,0.4000000059604645
2016-10-18,CNBXD,21.6,6.0
2016-10-19,CARO,22.3203,11.200200080871582
2016-10-20,MIME,20.49,9.901648402806115
2016-11-14,EGOV,22.2087,10.907628722285942
2016-11-14,HTBK,7.6995,3.8584121964631177
2016-11-14,EMCI,26.1164,13.051600456237793
2016-11-25,CARB,19.55,9.764487551989939
2016-11-30,PGNX,8.95,4.4787482566788075
2016-12-01,KMG,33.2752,16.71836777077539
2016-12-16,RTEC,22.05,11.06070476622709
2017-01-11,CUTRQ,18.95,9.089406936904359
2017-01-11,CUTR,18.95,9.088853224758815
2017-01-18,HLWD,52.8,32.5
2017-01-18,MDTR,91.0,35.2031177575791
2017-01-19,CYBE,39.05,17.549999237060547
2017-01-25,CAI_old,15.5218,7.249907622467477
2017-02-03,INNTW,0.39,0.21269999444484716
2017-02-08,HNGR,14.2,6.56282419905699
2017-02-09,ATLXD,28.5,9.598533576603199
2017-02-13,IVAC,10.5728,4.778722821753111
2017-02-16,TGH,16.0334,6.911368998524761
2017-02-17,SHLO,14.69,7.3219238175152945
2017-02-22,BANM,6859.209,2978.33544921875
2017-02-22,SASR,32.0823,16.037900924682617
2017-02-22,FRTM,72.2022,31.350900650024414
2017-02-28,VBHI,47.0,25.0
2017-03-08,ACMBD,70.0,25.0
2017-03-09,GV_old,8.3,4.150000095367432
2017-03-09,PTSCD,8.45,4.225152886441663
2017-03-24,NMPRH,14.15,7.0604025796683185
2017-03-31,ROX,1.55,0.7445002637028254
2017-03-31,NMPRG,15.79,7.841447152452273
2017-04-27,IRBTQ,79.89,35.0099983215332
2017-04-27,IRBT,79.89,35.00600051879883
2017-05-01,TVTY,32.45,15.180000305175781
2017-05-10,EMKR,106.5,52.847773468652456
2017-05-11,CSII,31.91,16.0
2017-05-16,RARX,26.14,13.159414813037236
2017-05-19,TMBXD,2.6,1.0000000000000002
2017-05-23,LLPP,8.98,4.099999904632568
2017-06-09,FMI,42.0,20.549999237060547
2017-07-25,RETC,249.0,118.15376025029741
2017-07-25,TOGL,0.41,0.4029179749548156
2017-08-28,ULNV,4.0,2.450000047683716
2017-09-08,SIENQ,128.8,59.20000076293945
2017-09-12,STVA,0.65,0.2828356099435366
2017-09-12,ERN,3.95,1.807370695123088
2017-09-14,TRHC,23.26,11.667775952038783
2017-09-15,ASNT,5.33,4.5
2017-09-19,SNHY,50.3813,24.805400848388672
2017-09-28,UCFC,9.1739,4.552999973297119
2017-09-29,ALTA,29.9739,15.17300033569336
2017-09-29,PUB,30.9407,15.662400245666504
2017-10-02,OMN,11.2,5.25
2017-10-02,SGH,14.035,6.550000190734863
2017-10-02,TLRA,4.29,2.0999999046325684
2017-10-18,GLUU,4.34,2.2888853135864666
2017-10-18,SPAR,15.6474,7.794343036806939
2017-10-18,SHYF,14.9189,7.431467511752042
2017-10-24,EXAC,41.85,19.979999542236328
2017-10-27,EWLUD,1.5,0.75
2017-11-16,GOPHD,62.0,32.0
2017-11-21,ESIO,26.11,12.481542449968943
2017-11-22,CTRL,34.78,17.31999969482422
2017-12-12,TLRD,17.1788,9.008399963378906
2017-12-14,TOGLD,1.7,0.6959999799728394
2017-12-18,TFVRD,72.0,35.52000045776367
2017-12-19,NTVA,2.99,1.2200000286102295
2017-12-19,RST,12.9,6.690000057220459
2017-12-20,BOBE,78.15,39.201088746690374
2017-12-21,TLRDQ,22.35,10.619999885559082
2017-12-22,CVRR,12.8453,6.222799777984619
2018-01-03,XENT,34.35,16.499235411015434
2018-01-04,HWGC,12.2,6.0
2018-01-04,GRMMD,19.2,9.60000038146973
2018-01-04,VXELD,12.2,6.0
2018-01-04,MJNE,5.77,3.950000047683716
2018-01-19,RTW,3.5,1.559999942779541
2018-01-19,NWY,3.5,1.559999942779541
2018-01-22,BHLLD,866.6009,426.9303894042969
2018-01-22,RFP,9.4361,4.549699783325195
2018-01-23,HIBB,24.2322,12.163599967956543
2018-01-30,ABLX,54.0,24.989999771118164
2018-02-06,SMPRD,4.5,2.5
2018-02-16,POETD,4.2,1.7000000476837158
2018-02-20,TESS,20.9085,10.50253971238066
2018-03-09,IHC,29.7539,14.303299903869629
2018-03-13,GTHX,38.73,17.440000534057617
2018-03-14,PYX,28.75,13.007386919356936
2018-03-14,AOI,28.75,13.007386919356936
2018-03-21,ASNS_old,25.53,12.96184506437212
2018-03-27,NEUL,0.816,0.4099999964237213
2018-03-27,NEWA,20.86,9.636478971277803
2018-03-29,CLUB_old,7.6,3.9115313938560594
2018-03-29,CLUBQ,7.6,3.9115313938560594
2018-04-04,SSOKD,47.2,10.100000381469728
2018-04-04,NVOSD,6.5,3.0199999809265137
2018-04-12,ASDND,9.15,3.8905443757463654
2018-04-17,XCRA,12.89,6.096766204058407
2018-04-17,TPCA,70.2,32.0
2018-04-19,MODV,75.1846,37.71981743404629
2018-04-19,PRSC,75.1846,37.71981743404629
2018-04-25,SESN,806.1952,375.7677700162509
2018-04-25,HSII,32.9024,16.411455071477622
2018-05-03,DTSSD,16.6,5.860000133514404
2018-05-04,URSL,288.8,104.5
2018-05-07,CORVF,2.4326,1.162134678471103
2018-05-09,EPAY,44.35,21.573497959504486
2018-05-30,ATV,7.6625,4.368800163269043
2018-05-31,MCBC,9.918,4.917399883270264
2018-06-12,FLUXD,16.4,5.300000190734863
2018-06-15,SRDX,55.2,28.49040749098433
2018-06-18,LIVX,8.68,4.078653042012585
2018-06-21,BLMT,35.4,17.201398241431495
2018-07-18,LMNX_old,32.1695,15.416799545288086
2018-07-23,CUROQ,28.53,14.147823691321136
2018-07-23,CURO,26.2201,13.002331933311904
2018-07-30,ESND,16.0298,7.5379878555237765
2018-07-31,PGTI,24.0,11.98983484003531
2018-08-08,WINS,93.05,44.79999923706055
2018-08-09,VSI,10.95,4.349999904632568
2018-08-15,ASNA,93.6,47.3963060557705
2018-08-15,ASNAQ,93.6,47.3963060557705
2018-08-20,SSOKD,17.3,7.599999904632568
2018-08-21,REGI,25.05,11.907938456668449
2018-08-22,MODG,22.5003,11.31029987335205
2018-09-05,LINDW,4.42,2.2100000381469727
2018-09-07,EXDID,49.2804,19.936199188232422
2018-09-10,CVGW,91.2401,45.33359909057617
2018-09-24,OASMY,2.5267,1.0894470580908613
2018-10-02,DZSI,15.15,7.150000095367432
2018-10-04,ADES,10.5198,5.341266254893321
2018-10-16,FPTAD,12239.76,5039.89794921875
2018-10-16,GMVPD,31.9396,13.900398026422202
2018-11-13,EWLUD,1.8,0.6899999976158142
2018-12-04,BNFT,50.04,25.34401866016296
2018-12-12,VRUSD,1.8,0.8500000238418579
2019-01-16,CXUS,68.769,35.57544682387512
2019-02-05,VFFIF,6.7,3.297686244888126
2019-02-07,ZIXI,7.68,3.8653921572566805
2019-02-08,PCMI,30.08,12.995651307398992
2019-02-11,DRVD,2.5,0.916700005531311
2019-02-12,VYSTD,13.29,4.150000095367432
2019-02-19,DBD_old,8.51,3.9328678584413552
2019-02-19,DBDQQ,8.51,3.9328678584413552
2019-02-19,SKYS,3.2,1.3270591306855806
2019-02-25,SMLR,41.0,20.239999771118164
2019-03-05,JRJC,19.5,9.14518904117141
2019-03-05,JMU,5.26,1.5443509439436294
2019-03-05,JRJCY,19.5,9.14518904117141
2019-03-06,HLIX,2.509,1.4486569674129834
2019-03-15,EXDID,49.0004,23.14602837181069
2019-03-18,INS,29.79,14.186229915817341
2019-03-18,CCRD,29.79,14.186229915817341
2019-03-20,CATS,82.62,42.14289201168689
2019-03-20,RLM,4.2499,1.850000023841858
2019-04-02,LBSRD,0.8,0.15000000596046448
2019-04-18,NEW,131.4,59.099998474121094
2019-04-18,URSL,15.2,8.488699913024902
2019-04-22,MMMMD,1900.0,1250.0
2019-05-01,URSLD,38.665,12.350000381469727
2019-05-13,AIXN,12.2,2.0
2019-05-15,AXNX,31.73,15.466141457101147
2019-05-17,TFVRD,5.4,3.908955564078142
2019-05-30,SOLY,18.7,8.100000381469727
2019-06-11,PRVB,12.05,4.021484617933006
2019-06-18,QSAMD,50.0,22.0
2019-06-20,AVP,3.969,1.9545999765396118
2019-07-08,CHUCD,1.4,1.100000023841858
2019-07-09,MJCO,10.13,4.929999828338623
2019-07-15,BIOS_old,19.55,9.3379324372795
2019-07-26,ORIT,17.5606,8.690899848937988
2019-08-08,ALLK,83.81,40.55619447885275
2019-08-09,FBM,18.72,9.642401265506
2019-08-20,EIDX,45.0,20.519364002573234
2019-08-26,CEADD,16.1242,8.069600105285645
2019-09-05,FDBLD,0.12,0.030300000682473183
2019-09-12,RHNO,0.9619,0.4002000093460083
2019-09-17,WINS,20.0,13.5
2019-09-23,VFRMD,4.0,1.5369116201375046
2019-09-26,FBNK,12.8,6.019999980926514
2019-10-03,FLESD,160.0,80.00000000000001
2019-10-16,NINK,1.5,0.47999998927116394
2019-10-17,ACHN_old,6.2,2.5510812273994268
2019-11-05,SP,45.73,22.760000228881836
2019-11-05,SPAR,17.8382,9.252534685485934
2019-11-05,SHYF,17.0076,8.821708694375644
2019-11-19,KRTX,123.99,20.33938114339855
2019-11-26,RVI_old,3.2631,1.2218999862670898
2019-12-10,HCCI,31.72,15.774373254047006
2019-12-10,THOR_old,67.8,17.3799991607666
2019-12-20,IGMS,42.19,18.256180506777515
2019-12-20,PRNB,59.25,29.51910876542247
2019-12-24,HARP,205.8,94.69999694824219
2019-12-24,CBB,10.45,5.11155196435868
2019-12-30,GMVPD,5.6826,2.4240000247955322
2020-01-06,BRTXD,40.8,20.0
2020-01-09,MMMMD,545.0,200.0
2020-01-10,VEC,56.26,28.260000228881836
2020-01-22,AC,52.3799,27.86927151039921
2020-01-24,OYST,34.43,17.110639177213294
2020-02-24,AVDL,10.64,4.251556844687294
2020-05-08,VYSTD,1.8,1.1200000047683716
2020-05-11,CYBE,30.81,14.348855432748643
2020-05-12,FBNK,15.99,8.409926962730967
2020-05-28,BBRWD,16.0816,3.8703999519348145
2020-06-04,BYRND,6.25,3.0799999237060547
2020-06-08,TUP,7.9,3.2200000286102295
2020-06-08,CSPR,9.67,4.289999961853027
2020-06-08,TUPBQ,7.9,3.2200000286102295
2020-06-09,JENGQ,26.07,12.869999885559082
2020-06-09,QEP,2.27,0.9860000014305115
2020-06-12,TOGL,11.35,5.0
2020-06-16,NHIQ,53.1,24.347886496711652
2020-06-17,SWTX,47.75,22.91247593881452
2020-06-22,STSA,34.69,15.519256878040533
2020-06-23,VIVO_old,19.06,9.820182694748697
2020-06-26,DSKE,3.705,1.802483871430522
2020-06-29,VAPO,312.08,159.60000610351562
2020-06-30,CLCT,34.0499,16.70244962620771
2020-07-08,SOBRD,9.06,4.699999809265137
2020-07-10,AKRO,37.67,19.608391116953573
2020-07-10,NVOSD,2.9,1.7009999752044678
2020-07-17,NJMCD,4.48,2.240000009536743
2020-07-22,OMI,12.8635,5.210376031666511
2020-08-04,BRTXD,1.2,0.5333333412806196
2020-08-06,NUZE,1214.171,472.5
2020-08-12,BFXXQ,14.33,6.738894200912077
2020-08-12,BFX,14.33,6.739712628938085
2020-08-12,NLS,14.33,6.738894200912077
2020-08-17,PRTYQ,2.22,1.2899999618530273
2020-08-17,PRTY,2.22,1.2899999618530273
2020-08-17,BRSFD,161.5,85.0
2020-08-18,TFFP,332.0,144.45007995333575
2020-09-09,QSAMD,17.0,10.300000190734863
2020-09-14,AMRK,12.7235,5.630417926749369
2020-09-15,BFGCD,1.32,0.7020947261596341
2020-09-17,ROAG,0.05,0.016036373040949348
2020-09-17,FPFID,0.05,0.016036373040949348
2020-09-23,GRPXD,37.5,26.250000000000018
2020-09-29,SGMS,34.96,18.239999771118164
2020-09-29,LNW,34.96,18.239999771118164
2020-10-06,HIBB,43.5799,22.759199142456055
2020-10-06,TCSGQ,135.0,64.18564368687119
2020-10-06,TCS,135.0,64.18564368687119
2020-10-06,REVG,6.7182,3.311500072479248
2020-10-07,KRA,23.22,10.261197907894926
2020-10-16,DPSMD,3.0748,1.6498999595642094
2020-10-26,EWLUD,3.15,1.5
2020-11-17,RYI,9.5359,4.430600166320801
2020-11-24,MHLD,2.3,1.2000000476837158
2020-11-25,DNJR,7.27,3.1447868862869712
2020-11-30,GBIO,482.2,212.05691218256322
2020-12-01,BCOV,16.57,7.800000190734863
2020-12-04,KIRK,17.53,8.670000076293945
2020-12-07,HZN,8.91,4.110000133514404
2020-12-07,INBX_old,35.39,18.0
2020-12-16,PETVD,13.2,6.061410079521344
2020-12-22,ABMLD,19.8,3.825000047683716
2020-12-23,DNMRQ,908.4,393.2323937664153
2020-12-23,DNMR,908.4,393.2323937664153
2020-12-23,VLDRW,11.11,4.962955461891843
2020-12-23,LOAK,17.0325,7.373107287453034
2020-12-31,CDAK,32.3,13.010000228881836
2021-01-05,GATO,14.46,6.759675049427517
2021-01-06,CDMO,13.28,6.305416424655251
2021-01-08,NINK,0.5,0.44999998807907104
2021-01-11,FPVD,0.0054,0.002199999988079071
2021-01-14,NGA,32.75,14.0
2021-01-20,LAAC,8.9524,5.1958529428439615
2021-01-25,MAGAA,3.97,1.9111118872155166
2021-01-25,CCIV,24.95,10.027866131451574
2021-01-26,EXPRQ,60.8,30.799999237060547
2021-01-26,BRBLD,67.4967,31.49850082397461
2021-01-26,DCRBW,3.485,1.8606524435063407
2021-01-28,RADCQ,27.12,12.699999809265137
2021-01-29,BRPA,587.4,258.7221945869811
2021-01-29,NRXPW,12.83,4.935053298760286
2021-02-01,TONJ,13.1,3.6913562816494636
2021-02-01,GTHX,27.1,11.550000190734863
2021-02-08,FVTID,35.4,38.0
2021-02-09,NR,2.9,1.51097843623374
2021-02-09,NGACW,4.0,1.556606956636807
2021-02-09,ARYA,19.3,10.88383800210002
2021-02-09,AVYA,29.17,12.825529296341195
2021-02-09,RWBYF,1.42,0.6055849308963706
2021-02-09,KAVLD,3.25,1.215768793309338
2021-02-09,AVYAQ,29.17,12.825529296341195
2021-02-09,CMLS,10.34,5.000700373171927
2021-02-09,ASTID,0.0655,0.018608188547278685
2021-02-10,TGH,19.5922,10.013141678615213
2021-02-10,SRACW,10.95,5.370675105501285
2021-02-11,RNET,10.89,5.420211314406911
2021-02-17,JP,3.66,1.8376983376874367
2021-02-18,GHVIU,21.01,10.600000381469727
2021-02-18,JRJC,14.85,7.989999771118164
2021-02-18,JRJCY,14.85,7.989999771118164
2021-02-22,IMCNF,7.9355,7.962063945082134
2021-02-22,FRFRD,74.0,31.76464653901719
2021-02-22,CAI_old,46.4304,21.142035895240213
2021-02-23,RSVAW,8.38,4.036537187539976
2021-02-26,PAND,60.2,18.6353343910911
2021-03-01,EWLUD,7.5,2.25
2021-03-02,VACQW,3.26,1.5310454607350215
2021-03-02,IIN,26.49,12.140000343322754
2021-03-08,BTEGF,1.15,0.5419066988615434
2021-03-10,NTP,12.07,5.912042887615543
2021-03-11,PTSI,15.6,7.768671520915856
2021-03-11,SWM,46.0285,22.47071498267147
2021-03-12,GEHI,67.9299,27.347656725447802
2021-03-15,GTS,28.33,14.100000381469727
2021-03-16,TAST,6.5917,3.382174102786977
2021-03-16,HOME,29.18,15.21310857547772
2021-03-29,ALTA,41.2683,20.807903465283832
2021-04-06,PFBI,18.6656,9.195199966430664
2021-04-07,CONN,21.08,11.160090753635007
2021-04-08,SGH,28.07,13.275674907986676
2021-04-15,SUICD,58.5,31.73651290889933
2021-04-28,SMED,16.01,7.998314692155906
2021-04-28,FCBP,31.2217,13.41360851862418
2021-05-03,GDEN,27.1866,13.64900016784668
2021-05-04,DTRCD,2.96,1.458125639800312
2021-05-04,GOGL_old,5.1933,2.6366498475335205
2021-05-10,MRC,11.53,5.690000057220459
2021-05-17,VSTO,37.78,18.527825179130122
2021-05-18,ERF,5.9978,2.963687571458307
2021-05-19,MOXC,12.8,6.068394739126474
2021-05-20,GRMMD,5.0,6.763063711461524
2021-05-25,AGS,9.95,4.920000076293945
2021-06-02,DNRRW,33.62,16.0
2021-06-03,SLCT,16.97,7.746154099893709
2021-06-08,SRLP,23.6307,11.861486877551902
2021-06-15,DNRWW,43.0,21.0
2021-06-16,PWVI,2.41,0.953145421292585
2021-06-18,LCYAW,2.63,1.350000023841858
2021-06-25,AMEH,56.5,29.690000534057617
2021-06-29,IKNX,21.2,9.803255456938249
2021-06-30,RSVAU,27.8,13.350000381469727
2021-07-06,OASPW,24.0,12.483265165313584
2021-07-07,MRIN,115.44,67.95135780484839
2021-07-08,VWTR,14.03,6.864454577595629
2021-07-12,SGOC,20.0,2.5210766418673285
2021-08-06,IMPL,22.4,9.043919989234098
2021-08-11,STLHF,7.96,4.129000186920166
2021-08-27,SPRT,26.33,8.020000457763672
2021-09-02,JAX,13.93,6.96655197246316
2021-09-13,ECHO_old,47.9,18.7769421931347
2021-09-15,GWSND,22.4,36.47999954223633
2021-09-20,CBLEQ,1.55,0.800000011920929
2021-09-30,TKLSD,1.5,1.1200000047683716
2021-10-25,HEES,42.6782,20.89937139646253
2021-11-05,GCEHQ,7.545,3.424016279298298
2021-11-08,HBP,8.06,4.01790805741048
2021-11-09,RXDX,38.0,18.260000228881836
2021-11-16,MKTY,393.75,189.42113108925201
2021-12-09,SPLP,38.5,19.655312166301872
2022-02-17,APTS,25.5224,12.369199752807617
2022-02-24,OBELF,8.65,4.196969721356539
2022-03-17,CXKJ,0.105,0.0494999997317791
2022-04-04,MN,12.6009,6.153718342126149
2022-05-17,AOIXD,5.01,2.5
2022-05-17,AOIX,5.01,2.5
2022-06-22,FLJ,77.64,32.85430869288507
2022-07-12,AVDL,4.7,2.440000057220459
2022-08-05,CCXI_old,50.52,24.90027569840757
2022-08-15,CINC,35.94,17.540000915527344
2022-10-13,VIGL,15.26,6.78683155624613
2022-12-14,ACLX,33.0,14.877963347962632
2023-01-11,CVAC,12.5,6.1965044687633135
2023-02-10,MHUA,1625.0,830.3466289925045
2023-02-27,TEN_old,22.9201,10.285947849199559
2023-04-19,AAMC,51.1353,22.399999618530273
2023-05-02,LEJU,5.52,1.365806131302872
2023-05-05,TAST,4.1494,2.1624297268528268
2023-05-16,NGMS,27.16,12.39846787086438
2023-06-08,CHUY,41.7,20.161922817105573
2023-07-31,CRCQW,18.1,8.5
2023-08-08,TRHC,10.24,4.449999809265137
2023-08-31,ARCH_old,2.1181,0.8684999942779541
2023-12-15,PGTI,36.09,17.520000457763672
2023-12-27,RYZB,61.74,22.38399444133828
2024-01-02,INBX_old,38.04,18.350000381469727
2024-01-26,OSG_old,5.9,2.9117675739184015
2024-01-31,WSCO,1.3028,0.3499999940395355
2024-03-11,GBIO,32.0,16.5
2024-07-11,GATO,13.74,6.416392234533058
2025-02-14,CTLP,10.67,5.52920157673917
2025-03-24,PHH,10.82,6.289999961853027
2025-04-25,OPOF,38.8803,19.536399841308594
2025-05-28,BROG,4.25,1.5700000524520874
2025-07-18,USARW,4.9793,2.499260555140503
2025-07-22,ZIMV,18.73,9.350000381469727
2025-10-07,USARW,16.677,7.257211145105777
