date,ticker,ret
2011-06-17,GR,-0.3170246075899714
2011-07-19,EK,-0.35819325966257454
2011-07-19,EKDKQ,-0.35819325966257454
2011-08-09,OSGIQ,-0.3148709167354824
2011-12-08,OSGIQ,-0.3020378229738897
2011-12-28,GR,-0.3354729872973047
2012-01-04,EK,-0.3395835193077026
2012-01-04,EKDKQ,-0.4030850962255731
2012-01-31,RSH,-0.4363646829611808
2012-06-04,RSH,-0.3016986477148851
2012-06-14,CECO_old,-0.30363860265529496
2012-07-25,NIHDQ,-0.32295480687052247
2012-07-25,RSH,-0.32430893213967926
2012-07-26,ESI1,-0.35319021508802184
2012-07-30,CECO_old,-0.31240659711686725
2012-08-02,ARO,-0.3993930132496042
2012-08-02,AROPQ,-0.3993930132496042
2012-08-24,WBSN,-0.3019149179435997
2012-09-26,WBMD,-0.3100069155435461
2012-10-05,IQNT,-0.37117584607430254
2012-10-26,ESI1,-0.33322990765307814
2012-11-13,GTATQ,-0.33522730094916786
2012-11-13,NIHDQ,-0.35197649402226794
2012-11-13,CECO_old,-0.31813554596852067
2012-12-04,UEPS,-0.5051695643200262
2013-02-28,NIHDQ,-0.3295214043082223
2013-03-26,CECO_old,-0.31397663592946934
2013-04-05,ESI1,-0.30193772771327876
2013-06-17,ANRZ,-0.3137773645975569
2013-08-23,ARO,-0.3525498594405265
2013-08-23,AROPQ,-0.3525498594405265
2013-09-18,TWGP,-0.36377531622120973
2013-09-30,PGEM,-0.308194825337184
2013-10-08,TWGP,-0.37285716193062923
2013-11-13,NIHDQ,-0.3212064196418992
2014-01-10,RSH,-0.3389284367152481
2014-01-27,COCO_old,-0.3083253153446466
2014-02-05,ARO,-0.31914889839451965
2014-02-05,AROPQ,-0.31914889839451965
2014-02-12,INTX,-0.3011004396220457
2014-02-20,PGEM,-0.30714429205885196
2014-02-28,NIHDQ,-0.5889645044169768
2014-04-10,ONE2,-0.3472360106212937
2014-04-17,RSH,-0.33530650545604224
2014-05-01,NIHDQ,-0.3252101389198877
2014-05-06,TWGP,-0.34023670308592635
2014-05-07,COCO_old,-0.35673264846409536
2014-05-23,ANRZ,-0.3006047201614913
2014-05-23,ANR,-0.3006047201614913
2014-05-23,ARO,-0.32879938129748854
2014-05-23,AROPQ,-0.3296045462536352
2014-05-28,WLTGQ,-0.3428306605871153
2014-05-28,WLT,-0.34182674280618564
2014-08-04,HGG,-0.3049982144238049
2014-08-04,HGGGQ,-0.3049982144238049
2014-08-20,RMGN,-0.3101341063711279
2014-08-26,PHMD,-0.30204081632653057
2014-08-26,GADS,-0.30204081632653057
2014-09-09,AOBC,-0.3055714792072073
2014-09-09,SWHC,-0.3055725353517388
2014-09-16,WLTGQ,-0.3192660242226285
2014-09-16,WLT,-0.31817764041475116
2014-09-24,ANRZ,-0.3155103301692572
2014-09-24,ANR,-0.3155103301692572
2014-09-25,ONE2,-0.369741338673363
2014-10-09,EXXIQ,-0.31359120894403036
2014-10-10,ANRZ,-0.3265459251061851
2014-10-10,WLTGQ,-0.35042733475222965
2014-10-10,WLT,-0.35041819118889217
2014-10-10,ANR,-0.3265459251061851
2014-10-27,PHMD,-0.3096774316603138
2014-10-27,GADS,-0.3096774316603138
2014-11-13,CALL,-0.31173365471461745
2014-12-08,ARO,-0.3705663541663421
2014-12-08,AROPQ,-0.3705663541663421
2015-01-07,REN,-0.3257575757575758
2015-01-13,ANRZ,-0.3138278265553125
2015-01-13,ANR,-0.3138278265553125
2015-01-14,ACI_old,-0.3033707699620981
2015-01-15,ZVO,-0.32303561509141854
2015-01-29,PYX,-0.3392200562413824
2015-02-11,GNKWF,-0.3157895140443877
2015-03-27,JMI,-0.300010117754663
2015-05-12,ESI1,-0.47483913256823107
2015-05-15,SDOC,-0.3430309206500711
2015-05-18,HGG,-0.3064818855901259
2015-05-18,HGGGQ,-0.3064818855901259
2015-05-20,ACI_old,-0.3108447728026321
2015-06-15,RMGN,-0.3174603009410154
2015-06-30,ARO,-0.3064943172397818
2015-06-30,AROPQ,-0.3064943172397818
2015-07-02,EXXIQ,-0.3021176319480112
2015-07-08,BTU_old,-0.32045436685171613
2015-07-17,SDOC,-0.30387859268055983
2015-07-22,ROVI,-0.3037617815823179
2015-07-23,MEP,-0.319410447488955
2015-08-04,BTH,-0.31811023799431026
2015-08-10,AAMC,-0.38432419363641246
2015-08-24,REN,-0.37419016839345354
2015-08-24,CKP,-0.3117243767280018
2015-08-24,GPX,-0.3195498528904084
2015-09-11,ATU,-0.30180668275341715
2015-09-18,BBOX,-0.3084545136680077
2015-11-06,BBRG,-0.3223001871607206
2015-11-16,AAMC,-0.34947688103636554
2015-11-30,C-WS-A,-0.3128360052112673
2015-12-08,OUTR,-0.3337600177778456
2015-12-09,BBOX,-0.3128017817698109
2015-12-29,SDOC,-0.3015012831509415
2016-01-04,RMGN,-0.75
2016-01-05,NIHD,-0.3136520020620942
2016-01-06,CKH,-0.30152244809990014
2016-01-06,DNR,-0.30747021108508443
2016-01-06,HGG,-0.48254619298882906
2016-01-06,HGGGQ,-0.48254619298882906
2016-01-07,JOY,-0.3411032910939912
2016-01-08,SDOC,-0.6391124227959013
2016-01-13,ATW,-0.31326716777572206
2016-01-14,FBRC,-0.30519451126679265
2016-01-15,CAI_old,-0.37797296295517036
2016-01-15,MEP,-0.3732351640078301
2016-01-19,PHH_old,-0.33807849983488314
2016-01-20,SPLP,-0.30700368583326076
2016-01-27,ZVO,-0.3183131243591171
2016-02-02,PLCM,-0.30612242911965226
2016-02-08,LLNW,-0.3150883522882616
2016-02-08,EGIO,-0.3150883522882616
2016-02-08,EGIOQ,-0.3150883522882616
2016-02-09,C-WS-A,-0.3981068715614604
2016-03-24,SXCL,-0.3420801886446888
2016-05-04,PTSI,-0.30393539500671796
2016-05-12,NIHD,-0.40823354485682617
2016-05-19,PHH_old,-0.4016546087256804
2016-05-19,SSI,-0.450574224591902
2016-06-07,C-WS-A,-0.31895842317281176
2016-06-27,ZVO,-0.31349205072714825
2016-07-26,MEMP,-0.35414035589198367
2016-08-04,BBRG,-0.4144444465637207
2016-08-11,C-WS-A,-0.3064534895762111
2016-10-25,C-WS-A,-0.48168025690483685
2016-10-27,GNC,-0.38238739434906743
2016-10-28,MEMP,-0.39982004590531994
2016-11-02,CAI_old,-0.3035014186459355
2016-11-02,DYN_old,-0.4146481285496788
2016-11-02,NIHD,-0.3020417200205765
2016-11-03,HMHC,-0.4017914067171986
2017-01-13,SSI,-0.3117150069493654
2017-02-16,GNC,-0.3007246542693036
2017-03-10,WAC,-0.31034482961116516
2017-03-10,DHCP,-0.31034482961116516
2017-03-10,NIHD,-0.3720930400186122
2017-04-05,JMBA,-0.3001618237216308
2017-04-13,C-WS-A,-0.3292135022789252
2017-04-20,PHH_old,-0.33176463759926833
2017-04-28,NIHD,-0.3363076663496922
2017-05-15,JCP,-0.3022719600943766
2017-05-15,CPPRQ,-0.3022719600943766
2017-05-24,CHS,-0.3152696116164191
2017-05-24,KIRK,-0.30322575732894885
2017-05-31,DNR,-0.33294841516656837
2017-06-02,CKH,-0.35809654457558526
2017-08-17,ATW,-0.3176808067391542
2017-08-21,DNR,-0.3137810487048216
2017-09-14,C-WS-A,-0.3032456848611813
2017-10-27,JCP,-0.33508703927401395
2017-10-27,CPPRQ,-0.33508703927401395
2017-10-30,ICON_old,-0.7291354261895577
2017-12-06,GNC,-0.3121127692502773
2018-02-05,HMHC,-0.31108837217527796
2018-02-05,ZVO,-0.32616247727168923
2018-02-09,ACTA,-0.9494771818188925
2018-03-01,FRAN,-0.3274908602468233
2018-03-01,MNKKQ,-0.30835273290788867
2018-03-05,C-WS-A,-0.32294746459091883
2018-03-08,FTD,-0.3708205184333875
2018-04-19,C-WS-A,-0.4081692386969634
2018-05-31,CONN,-0.31911765827852134
2018-07-02,FTRCQ,-0.33357226160949094
2018-07-02,FTR,-0.33357226160949094
2018-07-30,SNCR,-0.3495968144692012
2018-08-16,JCP,-0.44856286076292284
2018-08-16,CPPRQ,-0.44856286076292284
2018-09-25,BKEP,-0.31143807446647886
2018-10-10,FRAN,-0.3116807002734018
2018-10-24,PRTYQ,-0.30187446032246557
2018-10-24,PRTY,-0.30187446032246557
2018-10-24,IPHS,-0.31302863944838455
2018-10-26,FTRCQ,-0.31278887589566773
2018-10-26,FTR,-0.31278887589566773
2018-10-29,SPNX,-0.3004774002152798
2018-10-29,SPN,-0.30047739124865713
2018-11-05,AVDL,-0.302961267461446
2018-11-20,NHIQ,-0.30106178320805976
2018-11-28,CHS,-0.47302226526366054
2018-12-10,BIG,-0.3179457150936149
2018-12-11,CONN,-0.3129801492227562
2018-12-12,USAK,-0.31529611568073856
2018-12-20,GNC,-0.3323863871118502
2018-12-20,JCP,-0.3253011883801964
2018-12-20,PBPB,-0.3105691535985504
2018-12-20,CPPRQ,-0.3253011883801964
2018-12-21,VSTO,-0.3159816334853963
2018-12-21,VRTSP,-0.30323059944596087
2018-12-24,ATU,-0.31276185128546974
2019-01-25,MHLD,-0.306094803006133
2019-01-31,UEPS,-0.404814924836045
2019-03-08,OMI,-0.31240951756268276
2019-03-22,KIRK,-0.30732066262114566
2019-03-22,VSTO,-0.30252584332458354
2019-04-11,CHS,-0.31038570005296284
2019-04-23,EXPR,-0.3080773044592241
2019-04-29,PRTYQ,-0.3031718656632528
2019-04-29,PRTY,-0.3031718656632528
2019-05-02,CVIA,-0.3186364537511286
2019-05-02,SPNX,-0.30778786272355785
2019-05-02,SPN,-0.307787893098325
2019-05-14,NHIQ,-0.320349242947483
2019-05-15,HOUS,-0.3036137954847029
2019-05-16,KIRK,-0.37837841320943344
2019-05-17,ZVO,-0.30415427055090405
2019-05-20,GNC,-0.32738145739411806
2019-05-21,MNKKQ,-0.3818139731562401
2019-05-21,GCAP,-0.32484854114726236
2019-05-31,OMI,-0.3522564333048682
2019-05-31,GHL,-0.30674932798957455
2019-06-11,FTRCQ,-0.3116907095485235
2019-06-11,FTR,-0.3116907095485235
2019-06-12,DNR,-0.33333335657101104
2019-06-26,SSUP,-0.31525044220695775
2019-06-26,SUP,-0.31525044220695775
2019-07-02,MIK,-0.3371278352812396
2019-07-12,FRANQ,-0.3179273678898461
2019-07-17,SPNX,-0.33760583968509994
2019-07-17,MOBQD,-0.3114956107318174
2019-07-17,SPN,-0.33760587289393595
2019-07-25,GPOR_old,-0.3157872037927465
2019-07-25,GPORQ,-0.3157872037927465
2019-07-29,HOUS,-0.32037227310606264
2019-08-01,JCP,-0.3092117677551487
2019-08-01,CPPRQ,-0.3092117677551487
2019-08-02,FTRCQ,-0.30857140677315853
2019-08-02,FTR,-0.30857140677315853
2019-08-06,AVDL,-0.3075410124085396
2019-08-06,MNKKQ,-0.3790850087388977
2019-08-08,PRTYQ,-0.36562071708502997
2019-08-08,PRTY,-0.36562071708502997
2019-08-09,VSTO,-0.3387320904539608
2019-08-12,NIHD,-0.30387715539514126
2019-08-14,EXPR,-0.3003662668407361
2019-08-22,ZVO,-0.3020874191322471
2019-10-29,SLCA,-0.4895413363041029
2019-10-31,CVIA,-0.31100868519561664
2019-11-05,AFI,-0.42097024648004255
2019-11-07,PRTYQ,-0.6497373053172437
2019-11-07,PRTY,-0.6497373053172437
2019-11-13,MOBQD,-0.3031226813933263
2019-11-19,BIG,-0.3191140281606121
2019-12-05,MIK,-0.3858794250830785
2019-12-11,CONN,-0.30625995162316344
2020-01-15,SIC,-0.3014803106683296
2020-01-21,GPOR_old,-0.3800738288193336
2020-01-21,GPORQ,-0.3800738288193336
2020-01-27,MIK,-0.3243386235095358
2020-01-31,ARCH,-0.31249443497558427
2020-02-03,CONN,-0.3047690405227814
2020-02-10,TUP,-0.3508251607554822
2020-02-10,TUPBQ,-0.3507558143260564
2020-02-25,DNR,-0.33049131121509523
2020-02-26,CVIA,-0.3088235328491722
2020-02-28,BIG,-0.45247167826009804
2020-03-02,AKRX,-0.3062693564186624
2020-03-02,AKRXQ,-0.3062693564186624
2020-03-05,JCP,-0.30933364605455416
2020-03-05,CPPRQ,-0.30933364605455416
2020-03-05,SLCA,-0.36264048517380554
2020-03-06,PRTYQ,-0.3162392809702944
2020-03-06,PRTY,-0.3162392809702944
2020-03-09,CASSQ,-0.3628313898868468
2020-03-09,CASA,-0.3628313898868468
2020-03-11,FFNW,-0.3037339044732994
2020-03-11,GHL,-0.3460563010208182
2020-03-11,EXPR,-0.33139537849446765
2020-03-12,GNC,-0.34702312074462516
2020-03-16,HOUS,-0.42552260712712364
2020-03-17,MNKKQ,-0.31880078987937344
2020-04-15,JCP,-0.375988710889938
2020-04-15,CPPRQ,-0.375988710889938
2020-04-21,SLCA,-0.3055555371590598
2020-04-24,SCTY_old,-0.3163329554530666
2020-07-16,TMUSR,-0.3392856968630128
2020-07-30,VALPQ,-0.35949958629341183
2020-08-19,GPOR_old,-0.32389786300760026
2020-08-19,GPORQ,-0.31881764015474245
2020-08-31,JCPNQ,-0.3562270582149728
2020-08-31,CPPRQ,-0.3637776531021846
2020-09-10,MNKKQ,-0.34343437384177344
2020-10-21,SLCA,-0.3071448565343109
2020-11-11,EXTN,-0.30882312448083926
2021-01-29,SCTY_old,-0.3004191388235825
2021-04-19,EXTN,-0.3144796563147695
2021-04-20,ADNWW,-0.35217389546630473
2021-05-13,ADN,-0.32935029696329976
2021-08-16,ADN,-0.3088892485520103
2021-08-19,AFI,-0.3047034379960045
2021-09-30,NHIQ,-0.30603447850620835
2021-10-01,BMTX,-0.33456903631385626
2021-10-18,ARCH_old,-0.31207410097545185
2021-10-25,ESPR,-0.353526984352856
2021-12-01,EXTN,-0.3284445151319614
2021-12-01,IIN,-0.3182507742784748
2021-12-22,CAMP_old,-0.32350717737144163
2021-12-22,CAMPQ,-0.42610848991981776
2022-01-10,ADN,-0.33448277031324836
2022-01-19,SNCR,-0.3080397419848355
2022-01-19,CASSQ,-0.3082595999870874
2022-01-19,CASA,-0.3082595999870874
2022-02-07,ESPR,-0.3204105212776537
2022-02-09,AVYA,-0.30304455479759485
2022-02-09,AVYAQ,-0.30304455479759485
2022-02-11,EMKR,-0.3047919414584219
2022-02-25,SMLP,-0.43186304457928426
2022-04-08,PHUNW,-0.3183355097134861
2022-04-28,CAMP_old,-0.3229525262968508
2022-05-06,AVYA,-0.31018155339469666
2022-05-06,AVYAQ,-0.31018155339469666
2022-05-09,CIFRW,-0.3241795179401543
2022-05-09,SNCR,-0.32190946005250287
2022-05-09,QUOT,-0.3510972112500682
2022-05-09,FXLV,-0.3505374230181504
2022-05-11,CAMPQ,-0.3045325969371915
2022-05-11,BMTX,-0.3137264539786079
2022-05-11,ADN,-0.30078451089547964
2022-05-18,KIRK,-0.3100107778543477
2022-05-20,LVOX,-0.30017164114136596
2022-06-01,BIG,-0.3459552146932091
2022-06-07,CONN,-0.31473066033870845
2022-07-15,ATIP,-0.3371190549598093
2022-07-27,FXLV,-0.6564885493867698
2022-07-29,AVYA,-0.59883929534112
2022-07-29,AVYAQ,-0.5986607208905019
2022-08-10,EMKR,-0.31081081081081086
2022-08-23,QUOT,-0.31649833271561245
2022-09-20,GHL,-0.3143631928584346
2022-10-10,AVYA,-0.30188679811127506
2022-10-10,AVYAQ,-0.30188679811127506
2022-10-19,CURO,-0.30818071405695724
2022-10-19,CUROQ,-0.31826404378072015
2022-10-20,MPLNW,-0.42312251287346936
2022-10-20,MPLN-WT,-0.42312251287346936
2022-10-24,AXDX,-0.3776546998275149
2022-10-24,AXDXQ,-0.3776546998275149
2022-11-08,ATIP,-0.3280000305175781
2022-12-06,SNCR,-0.32028156116427176
2022-12-20,BIG,-0.3062111658520761
2023-02-27,FXLV,-0.33980581924985487
2023-03-07,CURO,-0.3151806559356285
2023-03-07,CUROQ,-0.3151806559356285
2023-03-17,HMST,-0.31140563487594963
2023-03-21,CYXTQ,-0.3098957930730336
2023-03-21,CYXT,-0.3098957930730336
2023-03-22,JOAN,-0.30877189665583216
2023-03-23,BIG,-0.3020008650926339
2023-03-28,CONN,-0.3254364665060562
2023-04-18,CAMP_old,-0.3165467568670912
2023-04-18,CAMPQ,-0.3165467568670912
2023-04-25,HMST,-0.3735399393078658
2023-05-02,FXLV,-0.34155168365142174
2023-05-10,ARKOW,-0.30974402917008625
2023-05-16,CONN,-0.34644134757631917
2023-05-24,BIG,-0.3038485235837668
2023-08-24,BIG,-0.30917327776461334
2023-09-21,ESPR,-0.3144654022035125
2023-09-26,ARKOW,-0.3201385627098934
2023-10-09,CUTRQ,-0.3046286180034723
2023-10-09,CUTR,-0.3046286180034723
2023-10-18,COMM,-0.3005952446419503
2023-11-13,ATUS,-0.33197090944006413
2024-01-17,ATUS,-0.3239540537228268
2024-01-18,IRBTQ,-0.3923404932008525
2024-02-21,COMM,-0.3237390848521895
2024-02-28,ARKOW,-0.41913663201059526
2024-03-15,CONN,-0.3017770922703925
2024-04-03,CIVIW,-0.37541053010587755
2024-04-12,BIG,-0.3248532372716443
2024-04-15,LGVC,-0.30123507892578905
2024-04-25,COMM,-0.3017557163131823
2024-06-03,CAMP_old,-0.694516232108187
2024-06-03,CAMPQ,-0.6940620015685208
2024-07-03,MPLN,-0.3167469545644377
2024-07-17,ATUS,-0.3024541455626969
2024-08-07,ODP,-0.3746163880683747
2024-09-06,IRBTQ,-0.3184931924421095
2024-09-06,IRBT,-0.3184931924421095
2025-01-10,MODV,-0.5406162419153895
2025-02-07,ODP,-0.30890758097672666
2025-03-12,IRBTQ,-0.5406606738316325
2025-03-12,IRBT,-0.5406673743704563
2025-04-08,WOLF_old2,-0.322572870375865
2025-05-23,SNCR,-0.30107528315153875
2025-11-05,OMI,-0.3116816730720804
2025-11-06,IRBTQ,-0.36488573421418224
2025-11-06,IRBT,-0.36488573421418224
