date,vol60,median504,scale
2010-10-01,,,1.0
2010-10-08,,,1.0
2010-10-15,,,1.0
2010-10-22,,,1.0
2010-10-29,,,1.0
2010-11-05,,,1.0
2010-11-12,,,1.0
2010-11-19,,,1.0
2010-11-26,,,1.0
2010-12-03,,,1.0
2010-12-10,,,1.0
2010-12-17,,,1.0
2010-12-23,,,1.0
2010-12-31,0.29537421578056805,,1.0
2011-01-07,0.45995396141943184,,1.0
2011-01-14,0.5324208533835203,,1.0
2011-01-21,0.5505649446959279,,1.0
2011-01-28,0.5607219826564185,,1.0
2011-02-04,0.6819336709135831,,1.0
2011-02-11,0.6903083415088291,,1.0
2011-02-18,0.7675664064514939,,1.0
2011-02-25,0.7653424841147729,,1.0
2011-03-04,0.7845264821173348,,1.0
2011-03-11,0.8632746273551893,,1.0
2011-03-18,0.9025401715478009,,1.0
2011-03-25,0.9219437333610001,,1.0
2011-04-01,0.9044556830931173,,1.0
2011-04-08,0.911380511561234,,1.0
2011-04-15,0.8909312159990586,,1.0
2011-04-21,0.9009550894536988,,1.0
2011-04-29,0.8929429794833208,,1.0
2011-05-06,0.8227192382471734,,1.0
2011-05-13,0.8581037425722904,,1.0
2011-05-20,0.8955604968725378,,1.0
2011-05-27,0.9526980847589587,,1.0
2011-06-03,0.9384251614531722,,1.0
2011-06-10,0.8955939594060052,,1.0
2011-06-17,0.8785244022105231,,1.0
2011-06-24,0.9274581313411595,,1.0
2011-07-01,0.8986019265613229,,1.0
2011-07-08,0.8960275205368142,,1.0
2011-07-15,0.9112942746292715,,1.0
2011-07-22,0.9294277885467719,,1.0
2011-07-29,0.9355232732476949,,1.0
2011-08-05,0.936008552137134,,1.0
2011-08-12,0.9279325104932665,,1.0
2011-08-19,0.9449878136394613,,1.0
2011-08-26,0.8900731069475207,,1.0
2011-09-02,0.9239324453940226,,1.0
2011-09-09,0.9110770126447705,,1.0
2011-09-16,0.9197251376881622,,1.0
2011-09-23,0.9375224085743808,,1.0
2011-09-30,1.032554584797145,,1.0
2011-10-07,1.1428760939878768,,1.0
2011-10-14,1.1048121683710828,,1.0
2011-10-21,1.1073535291796948,,1.0
2011-10-28,1.1095883551138244,,1.0
2011-11-04,1.0386936825549833,,1.0
2011-11-11,1.008639733251946,,1.0
2011-11-18,1.0125251815142986,,1.0
2011-11-25,0.9996511851706054,,1.0
2011-12-02,1.0519028203450573,,1.0
2011-12-09,1.0578212448840474,,1.0
2011-12-16,1.0805667799905725,,1.0
2011-12-23,1.0423489622145257,,1.0
2011-12-30,1.0076991346484538,,1.0
2012-01-06,1.0369045627733946,,1.0
2012-01-13,1.0906354595142997,,1.0
2012-01-20,1.1392803511601521,,1.0
2012-01-27,1.1719685109382434,,1.0
2012-02-03,1.2019960514972379,,1.0
2012-02-10,1.1944947285117293,,1.0
2012-02-17,1.3592184717301292,,1.0
2012-02-24,1.3848771685749435,,1.0
2012-03-02,1.3819632429017665,,1.0
2012-03-09,1.3784005937824524,,1.0
2012-03-16,1.3485834913663326,,1.0
2012-03-23,1.3598348934725806,,1.0
2012-03-30,1.347812834817591,,1.0
2012-04-05,1.3695907450794602,,1.0
2012-04-13,1.3315920681908986,,1.0
2012-04-20,1.3300724102439994,,1.0
2012-04-27,1.3089992647286153,,1.0
2012-05-04,1.329029599607468,,1.0
2012-05-11,1.2967595782988628,,1.0
2012-05-18,1.274959672713991,,1.0
2012-05-25,1.376385853078203,,1.0
2012-06-01,1.3689620046386817,,1.0
2012-06-08,1.3684835491151424,,1.0
2012-06-15,1.358229504482548,,1.0
2012-06-22,1.420238396543015,,1.0
2012-06-29,1.3402077211269394,,1.0
2012-07-06,1.2843497635127137,,1.0
2012-07-13,1.3087751548306328,,1.0
2012-07-20,1.3342438062379132,,1.0
2012-07-27,1.3282139923160203,,1.0
2012-08-03,1.2714476183646477,,1.0
2012-08-10,1.1780711723363875,,1.0
2012-08-17,1.1723296851824387,,1.0
2012-08-24,1.0408315793058334,,1.0
2012-08-31,1.0058265830182886,,1.0
2012-09-07,1.0391086857625584,,1.0
2012-09-14,0.9926906370840617,,1.0
2012-09-21,0.9409816203133861,,1.0
2012-09-28,0.9685102463374301,,1.0
2012-10-05,0.9242209500040651,,1.0
2012-10-12,0.8050116486529022,,1.0
2012-10-19,0.7734632406010429,,1.0
2012-10-26,0.7778633422214205,,1.0
2012-11-02,0.7754103924119446,,1.0
2012-11-09,0.7584578354818239,,1.0
2012-11-16,0.675158717706445,,1.0
2012-11-23,0.6425899551870603,,1.0
2012-11-30,0.5511798854819739,,1.0
2012-12-07,0.49218897348645374,,1.0
2012-12-14,0.31634870394105635,,1.0
2012-12-21,0.3031075131337315,,1.0
2012-12-28,14.058039478852553,0.9590719004865652,0.3
2013-01-04,14.05805201757543,0.974665361811893,0.3
2013-01-11,14.057731455541356,0.993165386700711,0.3
2013-01-18,14.05855776341258,1.0014039560263965,0.3
2013-01-25,14.056838914059306,1.0071731190851483,0.3
2013-02-01,14.057860016855312,1.0111996231958171,0.3
2013-02-08,14.055796447983651,1.0198797697825335,0.3
2013-02-15,14.054505734084744,1.0247107766747339,0.3
2013-02-22,14.056034342181047,1.0293842744342145,0.3
2013-03-01,14.057711512008325,1.0348488547599952,0.3
2013-03-08,14.05649765286214,1.0380002424392987,0.3
2013-03-15,14.056532612255639,1.0394573366431945,0.3
2013-03-22,14.057070380591378,1.0418457241111367,0.3
2013-03-28,0.17895417308306086,1.0436882588945247,1.0
2013-04-05,0.15181327945185685,1.0436882588945247,1.0
2013-04-12,0.15069735140971052,1.0436882588945247,1.0
2013-04-19,0.16304885626734525,1.0436882588945247,1.0
2013-04-26,0.16456673130707905,1.0436882588945247,1.0
2013-05-03,0.16078690091152795,1.0436882588945247,1.0
2013-05-10,0.16365358418694945,1.0436882588945247,1.0
2013-05-17,0.1615105583753936,1.0436882588945247,1.0
2013-05-24,0.14963538674273633,1.0436882588945247,1.0
2013-05-31,0.15026482980792472,1.0436882588945247,1.0
2013-06-07,0.15162528138749695,1.0436882588945247,1.0
2013-06-14,0.15923537326523024,1.0436882588945247,1.0
2013-06-21,0.1711274396321853,1.0436882588945247,1.0
2013-06-28,0.16931197141334003,1.0436882588945247,1.0
2013-07-05,0.16989220046504108,1.0436882588945247,1.0
2013-07-12,0.16933975553212832,1.0436882588945247,1.0
2013-07-19,0.1658723302305046,1.0436882588945247,1.0
2013-07-26,0.16518875235530672,1.0436882588945247,1.0
2013-08-02,0.1575459992722958,1.0436882588945247,1.0
2013-08-09,0.1835269474124293,1.0436882588945247,1.0
2013-08-16,0.18639669339876405,1.0436882588945247,1.0
2013-08-23,0.18659044513520628,1.0436882588945247,1.0
2013-08-30,0.1814285593946948,1.0436882588945247,1.0
2013-09-06,0.1784552051829802,1.0436882588945247,1.0
2013-09-13,0.17111907259409945,1.0436882588945247,1.0
2013-09-20,0.17000553828447557,1.0436882588945247,1.0
2013-09-27,0.16917172890705637,1.0436882588945247,1.0
2013-10-04,0.16937462064308195,1.0436882588945247,1.0
2013-10-11,0.1817608451131024,1.040437856049849,1.0
2013-10-18,0.18346892868551565,1.0388252726328262,1.0
2013-10-25,0.18907921111252626,1.0369142318970113,1.0
2013-11-01,0.1693235342308367,1.0293842744342145,1.0
2013-11-08,0.18195826385270636,1.0244045270564408,1.0
2013-11-15,0.18657900926809912,1.0213195152718437,1.0
2013-11-22,0.1811770040212113,1.0213195152718437,1.0
2013-11-29,0.1795036998969789,1.0213195152718437,1.0
2013-12-06,0.1868235677406981,1.0032093230635464,1.0
2013-12-13,0.18340759172202298,0.9808937985264882,1.0
2013-12-20,0.18798138109609755,0.9436196931355469,1.0
2013-12-27,0.19052182957783345,0.9390347517977424,1.0
2014-01-03,0.17554739168517813,0.9268649686372115,1.0
2014-01-10,0.16227810642482396,0.8194867940138555,1.0
2014-01-17,0.1602276230037421,0.7782989787328529,1.0
2014-01-24,0.15961897505040812,0.7750085477341997,1.0
2014-01-31,0.1617585091742251,0.7711980213101807,1.0
2014-02-07,0.1502300553764128,0.7585999435169815,1.0
2014-02-14,0.15767514753934586,0.6753556465661712,1.0
2014-02-21,0.16512566851177285,0.6269815553607037,1.0
2014-02-28,0.16543267019175822,0.5511837702558644,1.0
2014-03-07,0.15672664723332982,0.4735760027296767,1.0
2014-03-14,0.15621935711521073,0.3166395325481566,1.0
2014-03-21,0.15237787556381646,0.29786073311059186,1.0
2014-03-28,0.15765314767667346,0.1905258109819094,1.0
2014-04-04,0.1636644176946547,0.18964090476543724,1.0
2014-04-11,0.16943334264959445,0.18880315621950444,1.0
2014-04-17,0.1703176339114462,0.18767092883032566,1.0
2014-04-25,0.16555333240994669,0.18700734547536352,1.0
2014-05-02,0.15945968067169933,0.1866009860647918,1.0
2014-05-09,0.16150402095674068,0.18637966559190294,1.0
2014-05-16,0.1639353021770943,0.18555590167012523,1.0
2014-05-23,0.1624174586904031,0.18348475585855906,1.0
2014-05-30,0.15995243726390715,0.1831461507064861,1.0
2014-06-06,0.16642814879889686,0.18205833707025484,1.0
2014-06-13,0.16302635109718822,0.18163408674621534,1.0
2014-06-20,0.15706181747727838,0.1813711005958229,1.0
2014-06-27,0.15126189669081913,0.18071027224481273,1.0
2014-07-03,0.15096737522847165,0.17922893649001986,1.0
2014-07-11,0.14903378140154774,0.17829309470111238,1.0
2014-07-18,0.14770677603144175,0.17586544932727732,1.0
2014-07-25,0.14477073055329973,0.17199557301238932,1.0
2014-08-01,0.1476214020151684,0.17119063140450386,1.0
2014-08-08,0.1431388388368862,0.1706294791051592,1.0
2014-08-15,0.14347723805913482,0.16999407788651652,1.0
2014-08-22,0.1437872927608769,0.169639898657758,1.0
2014-08-29,0.1416418049869079,0.1694039816463382,1.0
2014-09-05,0.13774193838877577,0.16931775282208839,1.0
2014-09-12,0.14349972929318577,0.16899819646970315,1.0
2014-09-19,0.14894259463144047,0.16845435477825654,1.0
2014-09-26,0.15706808968921368,0.16791679680891797,1.0
2014-10-03,0.1520572295453115,0.16721250369724688,1.0
2014-10-10,0.16757736925204736,0.16672594825716494,0.9949192364178852
2014-10-17,0.18115287805234773,0.1665458808537846,0.9193664635328502
2014-10-24,0.18262825080795364,0.1665458808537846,0.911939309044356
2014-10-31,0.17263129825854606,0.1665458808537846,0.9647490491808302
2014-11-07,0.1741645219296511,0.1665458808537846,0.9562560675879567
2014-11-14,0.17999537633109822,0.1665458808537846,0.9252786613108689
2014-11-21,0.18071645508718134,0.1665458808537846,0.9215866965376199
2014-11-28,0.18787570036087214,0.1665458808537846,0.886468449798898
2014-12-05,0.20239378197786687,0.1665458808537846,0.8228804226406399
2014-12-12,0.20110235562518475,0.1665458808537846,0.8281647439485661
2014-12-19,0.20599101356799707,0.1665458808537846,0.8085104197946396
2014-12-26,0.2016219833147031,0.1665458808537846,0.826030366906124
2015-01-02,0.20414020194015953,0.1665458808537846,0.8158406784696182
2015-01-09,0.20332154169882793,0.1665458808537846,0.819125605000981
2015-01-16,0.19246759289803628,0.1665458808537846,0.8653190822728051
2015-01-23,0.19403256424444193,0.1665458808537846,0.8583398436355784
2015-01-30,0.19395186745142762,0.1665458808537846,0.8586969697288095
2015-02-06,0.20495982979165073,0.1665458808537846,0.8125781575008365
2015-02-13,0.20516795079840952,0.1665458808537846,0.8117538836142418
2015-02-20,0.20396106527076846,0.1665458808537846,0.816557222000614
2015-02-27,0.19448928080841643,0.1665458808537846,0.8563242157177919
2015-03-06,0.17793386205375253,0.1665458808537846,0.9359987971456063
2015-03-13,0.1782041974350612,0.1665458808537846,0.934578888998813
2015-03-20,0.1712020681685556,0.1665458808537846,0.9728029727410373
2015-03-27,0.17546736854938846,0.1665458808537846,0.9491558586114389
2015-04-02,0.16372566974844083,0.16656766486381064,1.0
2015-04-10,0.16640361862535735,0.1669508355932453,1.0
2015-04-17,0.16553262688962603,0.16708049366935612,1.0
2015-04-24,0.16414359743165802,0.16718322389697896,1.0
2015-05-01,0.14862965442925627,0.16718322389697896,1.0
2015-05-08,0.14310825123749402,0.16718322389697896,1.0
2015-05-15,0.1494974975365597,0.16718322389697896,1.0
2015-05-22,0.14732403234282349,0.16718322389697896,1.0
2015-05-29,0.15173330153436698,0.16718322389697896,1.0
2015-06-05,0.1436922695277028,0.16718322389697896,1.0
2015-06-12,0.1430870157065579,0.16718322389697896,1.0
2015-06-19,0.13879246143031945,0.16718322389697896,1.0
2015-06-26,0.13300922868618822,0.16672594825716494,1.0
2015-07-02,0.13013278834811146,0.16645080413938587,1.0
2015-07-10,0.12163820700323774,0.166337699311994,1.0
2015-07-17,0.12236518151577544,0.16599949687691587,1.0
2015-07-24,0.12092080267577765,0.16589818419449365,1.0
2015-07-31,0.11740100448056666,0.1658462672002329,1.0
2015-08-07,0.11386681799695869,0.1658462672002329,1.0
2015-08-14,0.11562129804935317,0.16554297964978637,1.0
2015-08-21,0.11272301642974464,0.16518237501309524,1.0
2015-08-28,0.15359327634204753,0.1649370546679464,1.0
2015-09-04,0.16356049928349253,0.1645747631546085,1.0
2015-09-11,0.167321351923399,0.16451000133018204,0.9831978969754916
2015-09-18,0.16570149531939804,0.1645747631546085,0.9932002293484576
2015-09-25,0.16287675977349586,0.1644675391236402,1.0
2015-10-02,0.17146717126550187,0.16442752831077445,0.9589446603523473
2015-10-09,0.21166283731231328,0.1644675391236402,0.7770260533783011
2015-10-16,0.21580322855085973,0.1644675391236402,0.7621180657400549
2015-10-23,0.21719011400859378,0.1644675391236402,0.7572514977230158
2015-10-30,0.22233118065350893,0.1644675391236402,0.7397412213627108
2015-11-06,0.22261833113408866,0.1644675391236402,0.7387870454593303
2015-11-13,0.2277191113099639,0.1644675391236402,0.7222386306425213
2015-11-20,0.21306106660533936,0.1644675391236402,0.7719267613931987
2015-11-27,0.20050640847387696,0.1644675391236402,0.8202607606183715
2015-12-04,0.2094365971339774,0.1644675391236402,0.7852855774696802
2015-12-11,0.21008602487422148,0.1644675391236402,0.7828580659856215
2015-12-18,0.22294510398477574,0.1644675391236402,0.737704197957499
2015-12-24,0.22755722592095282,0.1644675391236402,0.7227524349447455
2015-12-31,0.19908254016080335,0.1644675391236402,0.826127389126119
2016-01-08,0.20891248610860216,0.16451000133018204,0.7874589230854411
2016-01-15,0.2068808394621486,0.1649370546679464,0.7972563099451443
2016-01-22,0.21656614559840268,0.16512443388462994,0.7624665130755683
2016-01-29,0.22027214647098203,0.16532985130771868,0.7505708459126434
2016-02-05,0.22284834592518268,0.16555820322510706,0.7429186989823574
2016-02-12,0.22846742489467126,0.1658462672002329,0.7259077186898388
2016-02-19,0.2461368181305273,0.16625236016270312,0.6754469381112209
2016-02-26,0.25285569488403203,0.16641777647785927,0.6581531673794571
2016-03-04,0.2691163108608429,0.16661473421983386,0.6191179333830438
2016-03-11,0.27375551806606113,0.16709254241233795,0.6103714131235014
2016-03-18,0.270857830616875,0.16756932971198674,0.6186615662185209
2016-03-24,0.2700777089128618,0.16807337277404383,0.6223148643054848
2016-04-01,0.2699310613720587,0.16934770889804618,0.6273739229462972
2016-04-08,0.2509672846203781,0.16986187518223816,0.6768287565416233
2016-04-15,0.24568306675235793,0.17049876464970778,0.6939784939332675
2016-04-22,0.24178410515901272,0.1716975892148024,0.7101276947129468
2016-04-29,0.2438602926942259,0.17260054152172558,0.7077845253722702
2016-05-06,0.23752780020932893,0.17410493460960874,0.732987610107841
2016-05-13,0.2358612028616558,0.17553191229899895,0.7442169808739467
2016-05-20,0.23792909537739812,0.17787392421333942,0.747592151061641
2016-05-27,0.21621595954786643,0.179221055372319,0.828898365074862
2016-06-03,0.20004929500520227,0.1802889936571741,0.9012228393630964
2016-06-10,0.20402486940417622,0.18116008568862968,0.8879313890393868
2016-06-17,0.2089821658215957,0.18213935247493485,0.8715545259992372
2016-06-24,0.22130292268993362,0.1857465317047577,0.8393315797505584
2016-07-01,0.27759615976943586,0.18733383997343112,0.6748430530488092
2016-07-08,0.2704310700601598,0.19030213176021438,0.7036992151747947
2016-07-15,0.2735226394088583,0.1920161056905334,0.7020117461045339
2016-07-22,0.27005880229080537,0.19294217890555496,0.7144450662926013
2016-07-29,0.2643878775476577,0.19399221584793477,0.7337409628887632
2016-08-05,0.26092187016633545,0.19579708788670022,0.7504050456248886
2016-08-12,0.25020489820889524,0.1986558838002052,0.793972800781654
2016-08-19,0.2456657738895205,0.19913028234501062,0.8105739728911624
2016-08-26,0.24367027663162338,0.19989673314493644,0.8203574761280259
2016-09-02,0.24061202069014437,0.20040114191412473,0.8328808400316688
2016-09-09,0.23621879305702642,0.20108981057047667,0.8512862502092747
2016-09-16,0.25960229980653987,0.20164212711426704,0.7767347487465799
2016-09-23,0.18889515598711612,0.20175469179531264,1.0
2016-09-30,0.18472427618605938,0.20175469179531264,1.0
2016-10-07,0.17578828682443418,0.20175469179531264,1.0
2016-10-14,0.17922140196124925,0.20175469179531264,1.0
2016-10-21,0.18149049268001358,0.20175469179531264,1.0
2016-10-28,0.18459167727709264,0.20175469179531264,1.0
2016-11-04,0.1878462768392561,0.20175469179531264,1.0
2016-11-11,0.21029192675700653,0.20216428948367982,0.961350692826557
2016-11-18,0.21485613719414018,0.20279387712555724,0.9438588991401083
2016-11-25,0.21750424027758483,0.2034474390362127,0.9353722887267281
2016-12-02,0.2211995620928681,0.20399296733747235,0.9222123471104715
2016-12-09,0.22981056583260775,0.20427548241673904,0.8888863820366367
2016-12-16,0.23078342898672638,0.20506389029503014,0.8885555223586893
2016-12-23,0.2330116716575029,0.2055811033154007,0.8822781359106269
2016-12-30,0.2331638762548026,0.20623027649189868,0.8844863955964142
2017-01-06,0.23604357035264703,0.20666518330069888,0.8755382872405417
2017-01-13,0.23372190979256083,0.20903706406805447,0.8943836898029144
2017-01-20,0.23243564285591028,0.20961830876404958,0.9018337557376884
2017-01-27,0.22424424999980988,0.21010041735441762,0.9369266652527133
2017-02-03,0.21832119632699495,0.21067597210121666,0.9649817591951654
2017-02-10,0.20186949999448817,0.2112500307999652,1.0
2017-02-17,0.19833446631830673,0.2112500307999652,1.0
2017-02-24,0.2016014643927714,0.2112500307999652,1.0
2017-03-03,0.19965704294011946,0.2112500307999652,1.0
2017-03-10,0.14518680195706077,0.2112500307999652,1.0
2017-03-17,0.14388129044574732,0.2112500307999652,1.0
2017-03-24,0.1432901912876226,0.2112500307999652,1.0
2017-03-31,0.14833966733868156,0.2112500307999652,1.0
2017-04-07,0.15501454568020934,0.2112500307999652,1.0
2017-04-13,0.15976950461623776,0.2112500307999652,1.0
2017-04-21,0.17465708323019433,0.2112500307999652,1.0
2017-04-28,0.1791626369006846,0.2112500307999652,1.0
2017-05-05,0.17856255766365137,0.2112500307999652,1.0
2017-05-12,0.17964224900575812,0.2112500307999652,1.0
2017-05-19,0.18502921606123054,0.2112500307999652,1.0
2017-05-26,0.17926681989827276,0.2112500307999652,1.0
2017-06-02,0.1757221279876513,0.2112500307999652,1.0
2017-06-09,0.1773446638833359,0.2112500307999652,1.0
2017-06-16,0.16394794281973643,0.2112500307999652,1.0
2017-06-23,0.16480399177818092,0.2112500307999652,1.0
2017-06-30,0.16370744328340733,0.2112500307999652,1.0
2017-07-07,0.1646526243729024,0.2112500307999652,1.0
2017-07-14,0.161529774586828,0.2112500307999652,1.0
2017-07-21,0.15123308608796115,0.2112500307999652,1.0
2017-07-28,0.151824486689425,0.2112500307999652,1.0
2017-08-04,0.1532209827169128,0.2112500307999652,1.0
2017-08-11,0.16393763299484723,0.2112500307999652,1.0
2017-08-18,0.1532383103175502,0.2112500307999652,1.0
2017-08-25,0.1597364094335497,0.2112500307999652,1.0
2017-09-01,0.1647048614714489,0.2112500307999652,1.0
2017-09-08,0.16226123246239596,0.2112500307999652,1.0
2017-09-15,0.16359541725562082,0.2112500307999652,1.0
2017-09-22,0.15664488306192315,0.2112500307999652,1.0
2017-09-29,0.1462139381106748,0.2112500307999652,1.0
2017-10-06,0.13553594672625588,0.2112500307999652,1.0
2017-10-13,0.13623710252304055,0.210372223361292,1.0
2017-10-20,0.13592608349271726,0.20977968328356789,1.0
2017-10-27,0.1361946531880245,0.20920858836319645,1.0
2017-11-03,0.1329012160759429,0.20762242408624781,1.0
2017-11-10,0.1338541360847484,0.20583734931988035,1.0
2017-11-17,0.1399055538841323,0.20320298081585708,1.0
2017-11-24,0.1435538434967451,0.20148185691275478,1.0
2017-12-01,0.1492003607355413,0.20111078015025813,1.0
2017-12-08,0.1588683960686128,0.20057291218608952,1.0
2017-12-15,0.16517740972778705,0.20005270858721835,1.0
2017-12-22,0.172174296805703,0.19922528642183732,1.0
2017-12-29,0.17250211956184272,0.19857855544715686,1.0
2018-01-05,0.17639131057780782,0.197822548180841,1.0
2018-01-12,0.1754866769875271,0.1956288273835638,1.0
2018-01-19,0.20010623734187902,0.19534013461596306,0.9761821381021065
2018-01-26,0.19747057123920245,0.19534013461596306,0.989211371548327
2018-02-02,0.19632147113319223,0.19534013461596306,0.9950013795660516
2018-02-09,0.2441240209240817,0.19534013461596306,0.8001676110222289
2018-02-16,0.24327578366795524,0.19534013461596306,0.8029575803672301
2018-02-23,0.2429051163038502,0.19534013461596306,0.8041828743187605
2018-03-02,0.23613255375234835,0.19534013461596306,0.8272477958326421
2018-03-09,0.23323870163835272,0.19534013461596306,0.8375116704210045
2018-03-16,0.2292703576751762,0.19534013461596306,0.8520078068387518
2018-03-23,0.23572515882991982,0.19534013461596306,0.8286774970715141
2018-03-29,0.24558460670024843,0.19534013461596306,0.7954087075758297
2018-04-06,0.2573721563608918,0.19534013461596306,0.7589792826775468
2018-04-13,0.2659694596139672,0.19534013461596306,0.7344457326020936
2018-04-20,0.2559221724292057,0.19534013461596306,0.763279448442471
2018-04-27,0.2577376020134992,0.19534013461596306,0.7579031274052591
2018-05-04,0.2530974547443518,0.19534013461596306,0.7717980997211997
2018-05-11,0.21206139516447484,0.19534013461596306,0.9211489647347516
2018-05-18,0.20698270493068208,0.19534013461596306,0.9437509992991053
2018-05-25,0.20770447779019488,0.19534013461596306,0.9404714654889568
2018-06-01,0.2131303573464872,0.19534013461596306,0.9165289123895078
2018-06-08,0.21243497761284805,0.19534013461596306,0.9195290568955199
2018-06-15,0.20655116365370807,0.19534013461596306,0.9457227505309977
2018-06-22,0.19216863793425765,0.19222307330778987,1.0
2018-06-29,0.1861176382628554,0.18915210186567952,1.0
2018-07-06,0.16582996914911502,0.1878747565580953,1.0
2018-07-13,0.16075824916757464,0.1867485935082546,1.0
2018-07-20,0.15859566907599126,0.18531631200561083,1.0
2018-07-27,0.14729143063185685,0.18466925430878223,1.0
2018-08-03,0.1485850741172807,0.18215668294212706,1.0
2018-08-10,0.15147506224233895,0.1814761086974049,1.0
2018-08-17,0.15248376805961936,0.1798003502515257,1.0
2018-08-24,0.14614596833833615,0.17920756945110922,1.0
2018-08-31,0.13385678350090494,0.17878040519752347,1.0
2018-09-07,0.13677892357391858,0.1784849267396972,1.0
2018-09-14,0.13309070981533305,0.17772401939475047,1.0
2018-09-21,0.1310149296676371,0.176706372923784,1.0
2018-09-28,0.12121453128770303,0.1758398823183155,1.0
2018-10-05,0.115212615694917,0.17557726701683557,1.0
2018-10-12,0.13752575864687405,0.17500944823311204,1.0
2018-10-19,0.13416928052259972,0.1743829184145017,1.0
2018-10-26,0.15357353520509182,0.1732044667931832,1.0
2018-11-02,0.16991461730778215,0.17285056457049375,1.0
2018-11-09,0.17658035145535406,0.1723350496548702,0.9759582435673358
2018-11-16,0.18634222324389163,0.1723350496548702,0.9248309194492742
2018-11-23,0.18965889273172454,0.1723350496548702,0.9086578919272761
2018-11-30,0.20105495207211113,0.1723350496548702,0.8571539665089167
2018-12-07,0.20846002117883458,0.1723350496548702,0.8267055173472647
2018-12-14,0.21276323027261973,0.1723350496548702,0.8099851155392418
2018-12-21,0.21808649902643615,0.1723350496548702,0.790214205942111
2018-12-28,0.2451298266297886,0.1723350496548702,0.7030358240131344
2019-01-04,0.25688312032009847,0.1723350496548702,0.6708694967583931
2019-01-11,0.2637327918983215,0.1723350496548702,0.6534456652675621
2019-01-18,0.2666315357769369,0.1723350496548702,0.646341585786931
2019-01-25,0.2562720475052622,0.1723350496548702,0.6724691644387456
2019-02-01,0.24712470106145054,0.1723350496548702,0.6973606803150649
2019-02-08,0.2461231029930227,0.1723350496548702,0.7001985898892056
2019-02-15,0.2424611863451385,0.1723350496548702,0.7107737624015202
2019-02-22,0.24410115317938103,0.1723350496548702,0.7059985068084765
2019-03-01,0.23623035116195004,0.1723350496548702,0.7295212016881109
2019-03-08,0.23756546061367284,0.1723350496548702,0.7254213184429202
2019-03-15,0.23692237662956248,0.17314361716789795,0.7308031416492788
2019-03-22,0.22616016701767847,0.17393064939947434,0.7690596080337991
2019-03-29,0.1993731897854792,0.1745998374733302,0.8757438132037485
2019-04-05,0.18840828343869123,0.17530117956328026,0.9304324436474362
2019-04-12,0.18500663341537876,0.17567593817219918,0.9495656178866289
2019-04-18,0.18013964311902855,0.17623645909912028,0.9783324539100523
2019-04-26,0.17834001475753336,0.17772329219862865,0.9965418722223209
2019-05-03,0.18580728485015038,0.17772329219862865,0.9564925957664077
2019-05-10,0.18041329784600565,0.17772329219862865,0.9850897595715306
2019-05-17,0.17211257338938507,0.17708357038530892,1.0
2019-05-24,0.17567742357047422,0.17580680289992406,1.0
2019-05-31,0.1654205030099566,0.17564362257824734,1.0
2019-06-07,0.16665290067579921,0.1755264855281052,1.0
2019-06-14,0.17200172145088682,0.17530117956328026,1.0
2019-06-21,0.16849772492547138,0.17530117956328026,1.0
2019-06-28,0.17069499797353618,0.1755264855281052,1.0
2019-07-05,0.17522135840521877,0.1755264855281052,1.0
2019-07-12,0.17506715600856462,0.17566746018511092,1.0
2019-07-19,0.1797684699353581,0.17591488094565833,0.9785635991056414
2019-07-26,0.1928387999755789,0.17658398650043705,0.9157077648419283
2019-08-02,0.21752499140224651,0.1778356021767658,0.8175410146226039
2019-08-09,0.23894027223262748,0.17901745211173226,0.7492142301463708
2019-08-16,0.25719101989616017,0.18010665338832604,0.7002836003412692
2019-08-23,0.25824485365783123,0.1824943051329715,0.7066716046731852
2019-08-30,0.26458023540093045,0.18483539798751802,0.6985986602794746
2019-09-06,0.27899541411165174,0.18559179945845325,0.6652145163367484
2019-09-13,0.3799144377277604,0.18639206579385123,0.49061590527764126
2019-09-20,0.381024791719025,0.18754448128861634,0.49221070482708973
2019-09-27,0.378675630209278,0.1890614149968819,0.49927008741596507
2019-10-04,0.3848443173037761,0.19127464745083383,0.4970182456919367
2019-10-11,0.38904258567919425,0.19205360519778947,0.49365702436534153
2019-10-18,0.3820239819417396,0.19360215466224276,0.5067801075686604
2019-10-25,0.36752098354529067,0.19633732614169658,0.5342207246174867
2019-11-01,0.3562314870087045,0.19746949809530784,0.5543291519609065
2019-11-08,0.34483506878937975,0.19918331385337257,0.5776190761358754
2019-11-15,0.34733068808258966,0.20100029473912417,0.5787000735487258
2019-11-22,0.342186597921008,0.20141254202541953,0.5886044142263999
2019-11-29,0.33738727001809693,0.20638809367464783,0.6117246026015667
2019-12-06,0.23177309891663392,0.2069209385124794,0.8927737493250087
2019-12-13,0.23511083878929764,0.20783772674936127,0.8839989165094253
2019-12-20,0.23356801598479876,0.20850922816469192,0.8927131023721255
2019-12-27,0.22911759748897928,0.2098799791542314,0.9160360507198788
2020-01-03,0.2177971307684657,0.21116692616446814,0.9695578882026413
2020-01-10,0.21652406755893364,0.21191143500937937,0.9786969060688886
2020-01-17,0.20959810958576972,0.21250413907273824,1.0
2020-01-24,0.21171237379516789,0.21250413907273824,1.0
2020-01-31,0.19880033278786033,0.21250413907273824,1.0
2020-02-07,0.23282792135239028,0.2126838606118645,0.9134809063126184
2020-02-14,0.2448067483130706,0.21285643846584917,0.8694876261892837
2020-02-21,0.2485052403688505,0.21285643846584917,0.8565470818639935
2020-02-28,0.34330648136587955,0.21285643846584917,0.6200187005470398
2020-03-06,0.3717839667994951,0.21285643846584917,0.5725272133121428
2020-03-13,0.4718093918006195,0.21285643846584917,0.4511492186569265
2020-03-20,0.539282379488363,0.21285643846584917,0.39470312133653224
2020-03-27,0.5921742220134599,0.21285643846584917,0.3594490110395434
2020-04-03,0.6150332275992058,0.21285643846584917,0.3460893312979828
2020-04-09,0.6753047402394742,0.21285643846584917,0.31520056913915157
2020-04-17,0.6883500655143439,0.21285643846584917,0.30922701853278706
2020-04-24,0.7054450180069631,0.21285643846584917,0.3017335625492335
2020-05-01,0.7321229466498118,0.21285643846584917,0.3
2020-05-08,0.7426483562971269,0.21285643846584917,0.3
2020-05-15,0.7494800298301857,0.21362385783782406,0.3
2020-05-22,0.7463903631215263,0.21461747945655912,0.3
2020-05-29,0.7258217965937133,0.21613741469058734,0.3
2020-06-05,0.6774295392619767,0.2176610610853561,0.32130435487428877
2020-06-12,0.6427422097865407,0.22016736017047553,0.3425438018822425
2020-06-19,0.5966805172489155,0.2291979885684362,0.38412179037651123
2020-06-26,0.5969824226239541,0.23179164202554592,0.38827213874528776
2020-07-02,0.5593374210362542,0.23248381163859116,0.4156414409175073
2020-07-10,0.5247565266916642,0.23384437469098557,0.4456245187940036
2020-07-17,0.5060754532183313,0.23567059497562384,0.46568272275784683
2020-07-24,0.47901010729881044,0.23754122758947932,0.4959002408717425
2020-07-31,0.46815838654053954,0.23877975587350486,0.5100405391388371
2020-08-07,0.45222167454281165,0.23992907733028346,0.5305563418048187
2020-08-14,0.43452845354028236,0.24136472769893255,0.555463573748588
2020-08-21,0.4265094249504649,0.24230200206146912,0.5681046839459885
2020-08-28,0.4102440058735131,0.24368323218666021,0.5939958383250403
2020-09-04,0.3793908291649748,0.2442767916756474,0.6438658314785616
2020-09-11,0.41057448185052514,0.2449682874714296,0.5966476201037098
2020-09-18,0.41860021810517895,0.24669025074058726,0.5893218399580552
2020-09-25,0.44012219205555797,0.24819674141302295,0.5639268955147172
2020-10-02,0.4565597158500155,0.2550991902210915,0.5587422222439227
2020-10-09,0.46720579993178896,0.2570370701081293,0.5501581319102977
2020-10-16,0.45379618719229153,0.25898089226435705,0.5706986959646193
2020-10-23,0.43673764434783896,0.2629244304801487,0.6020191615787143
2020-10-30,0.4586495851931454,0.2640311777187372,0.5756708089195132
2020-11-06,0.45862984793469386,0.26480837625221165,0.5773901926459849
2020-11-13,0.4788565940636469,0.26662314032572365,0.5567912056156955
2020-11-20,0.50082099282091,0.27560192242772374,0.5503002597302806
2020-11-27,0.5019685844037735,0.31617570230854447,0.6298714942172936
2020-12-04,0.4827097768124665,0.34230793873616944,0.7091381927181404
2020-12-11,0.4660808397320297,0.34342775091879174,0.7368415983721696
2020-12-18,0.4264503830873008,0.34608287843598473,0.8115431294269382
2020-12-24,0.40584068343023083,0.35070571128381034,0.8641462662628822
2020-12-31,0.38607129457724443,0.35643600163048694,0.9232388075388803
2021-01-08,0.36955853714297915,0.3624638099840575,0.9808021559621641
2021-01-15,0.3683951330678563,0.3675939372304838,0.9978251725784202
2021-01-22,0.36856193814160065,0.36849696940785076,0.9998237237027853
2021-01-29,0.33483867052012223,0.36849696940785076,1.0
2021-02-05,0.32111219643262345,0.36849696940785076,1.0
2021-02-12,0.28531979869668084,0.36849696940785076,1.0
2021-02-19,0.27274736005987066,0.36849696940785076,1.0
2021-02-26,0.2841886682428429,0.36849696940785076,1.0
2021-03-05,0.2709659177614993,0.36849696940785076,1.0
2021-03-12,0.2734300578613117,0.36849696940785076,1.0
2021-03-19,0.2683596632091,0.36849696940785076,1.0
2021-03-26,0.2885237636488005,0.36849696940785076,1.0
2021-04-01,0.2911302657575715,0.36849696940785076,1.0
2021-04-09,0.2866576018166763,0.36849696940785076,1.0
2021-04-16,0.28300673380586144,0.36849696940785076,1.0
2021-04-23,0.2874013321863928,0.36849696940785076,1.0
2021-04-30,0.2749495899707451,0.36849696940785076,1.0
2021-05-07,0.2689450788162077,0.36849696940785076,1.0
2021-05-14,0.2854354230128266,0.36849696940785076,1.0
2021-05-21,0.2900366996824977,0.36849696940785076,1.0
2021-05-28,0.28393136216268944,0.36849696940785076,1.0
2021-06-04,0.28921993996769624,0.36849696940785076,1.0
2021-06-11,0.30035062426474307,0.36849696940785076,1.0
2021-06-18,0.29448997335705024,0.36849696940785076,1.0
2021-06-25,0.30039094796693355,0.36849696940785076,1.0
2021-07-02,0.3002322466477501,0.36849696940785076,1.0
2021-07-09,0.3037299057857924,0.36849696940785076,1.0
2021-07-16,0.2980405453848097,0.36849696940785076,1.0
2021-07-23,0.2946671888713564,0.36849696940785076,1.0
2021-07-30,0.29753864067522706,0.36849696940785076,1.0
2021-08-06,0.29079946047188454,0.36849696940785076,1.0
2021-08-13,0.24995762142889577,0.36849696940785076,1.0
2021-08-20,0.24724752470105069,0.36849696940785076,1.0
2021-08-27,0.23050646655949483,0.36849696940785076,1.0
2021-09-03,0.21345392190936843,0.36849696940785076,1.0
2021-09-10,0.2100259567408493,0.36849696940785076,1.0
2021-09-17,0.18303473503381468,0.3674590035212498,1.0
2021-09-24,0.17739360526788545,0.3601279173721478,1.0
2021-10-01,0.1806539292331251,0.355616612538602,1.0
2021-10-08,0.19038140721004435,0.34608287843598473,1.0
2021-10-15,0.18534283697806156,0.34342775091879174,1.0
2021-10-22,0.179309285514728,0.3425011620810193,1.0
2021-10-29,0.1817082602808679,0.33731886311152975,1.0
2021-11-05,0.19073278502803828,0.332356172157408,1.0
2021-11-12,0.18422681920413447,0.31617570230854447,1.0
2021-11-19,0.18932524891264682,0.3026174834402806,1.0
2021-11-26,0.19740013504282178,0.30118256956012435,1.0
2021-12-03,0.22584379857569464,0.3009714824254569,1.0
2021-12-10,0.24060263568570361,0.3009714824254569,1.0
2021-12-17,0.24537018531743468,0.3009714824254569,1.0
2021-12-23,0.2430699813969943,0.3009714824254569,1.0
2021-12-31,0.23584105196049954,0.3009714824254569,1.0
2022-01-07,0.24209413359085102,0.3009714824254569,1.0
2022-01-14,0.24584155083416606,0.3009714824254569,1.0
2022-01-21,0.2511469988081655,0.3009714824254569,1.0
2022-01-28,0.24827996329767454,0.3009714824254569,1.0
2022-02-04,0.269001202341944,0.3009714824254569,1.0
2022-02-11,0.28252943003592423,0.3009714824254569,1.0
2022-02-18,0.2857967701404926,0.3009714824254569,1.0
2022-02-25,0.2748315300264172,0.30087917746664805,1.0
2022-03-04,0.2800251213902032,0.30037078611583834,1.0
2022-03-11,0.26334668906133923,0.29921676793093277,1.0
2022-03-18,0.2812191168532779,0.2977895930300184,1.0
2022-03-25,0.28310349416261144,0.2971138217406075,1.0
2022-04-01,0.2824278700176022,0.2945321364342071,1.0
2022-04-08,0.28164149248043535,0.2928464056067411,1.0
2022-04-14,0.27783862582164004,0.2915974094462958,1.0
2022-04-22,0.2783727829253268,0.2906151167511925,1.0
2022-04-29,0.2975383176492739,0.28912058545063424,0.9717087457335086
2022-05-06,0.30690184634261525,0.28912058545063424,0.9420620595676359
2022-05-13,0.3085298599670936,0.28912058545063424,0.9370910986750862
2022-05-20,0.31242318131012664,0.28912058545063424,0.9254133583757311
2022-05-27,0.3083514758673991,0.28912058545063424,0.9376332142965492
2022-06-03,0.3127061463778629,0.28912058545063424,0.9245759598894204
2022-06-10,0.30649110193771034,0.28912058545063424,0.9433245651268323
2022-06-17,0.30695990201406365,0.28912058545063424,0.9418838863109485
2022-06-24,0.3225484616374819,0.28912058545063424,0.8963632440931686
2022-07-01,0.3292356481060831,0.28912058545063424,0.8781569891164296
2022-07-08,0.3705840961289639,0.28912058545063424,0.7801753730684108
2022-07-15,0.36964537938114256,0.28912058545063424,0.7821566332972366
2022-07-22,0.38440210002081027,0.28912058545063424,0.7521306086386682
2022-07-29,0.36342543056386983,0.28912058545063424,0.7955430774397144
2022-08-05,0.3427766503500209,0.28912058545063424,0.8434663946782938
2022-08-12,0.35128270607997036,0.28912058545063424,0.8230424682074022
2022-08-19,0.33806848279006657,0.28912058545063424,0.8552130712231227
2022-08-26,0.34172524320864534,0.28912058545063424,0.8460615397795107
2022-09-02,0.35507687988530245,0.28912058545063424,0.8142478483646315
2022-09-09,0.3522137053610808,0.28912058545063424,0.8208669368905873
2022-09-16,0.37605062317609117,0.28912058545063424,0.7688342144170556
2022-09-23,0.3824457211002079,0.28912058545063424,0.7559780891753768
2022-09-30,0.3550316253683915,0.28912058545063424,0.8143516374087351
2022-10-07,0.40668549753976957,0.28912058545063424,0.710919339882193
2022-10-14,0.39668424727101753,0.28912058545063424,0.7288431225581412
2022-10-21,0.3990748730019515,0.28912058545063424,0.7244770468152738
2022-10-28,0.41707243209651357,0.28912058545063424,0.6932143272987404
2022-11-04,0.4366180131412264,0.28912058545063424,0.6621819914633633
2022-11-11,0.47391230466460804,0.28912058545063424,0.6100719112056976
2022-11-18,0.47295831306555336,0.28912058545063424,0.6113024709866159
2022-11-25,0.466669127375767,0.28912058545063424,0.6195408448732269
2022-12-02,0.49320085186726503,0.28912058545063424,0.586212664386162
2022-12-09,0.4981399672010023,0.28912058545063424,0.5804002980832342
2022-12-16,0.510295360646171,0.28912058545063424,0.5665749833283413
2022-12-23,0.500695286236717,0.28912058545063424,0.5774382012335239
2022-12-30,0.47352305011750767,0.28912058545063424,0.6105734142802282
2023-01-06,0.45268240683101624,0.28912058545063424,0.6386830614306628
2023-01-13,0.4651169916369197,0.28912058545063424,0.6216083064028931
2023-01-20,0.4672268340318336,0.28912058545063424,0.6188013281594514
2023-01-27,0.44922234988457527,0.28912058545063424,0.643602406525236
2023-02-03,0.4228051913009878,0.28912058545063424,0.6838151266804438
2023-02-10,0.4047639610490262,0.28912058545063424,0.7142942882101481
2023-02-17,0.40925827926655883,0.2906151167511925,0.7101019856507498
2023-02-24,0.41979045340432086,0.2912805155440553,0.6938712235637925
2023-03-03,0.3781422979429791,0.2928464056067411,0.774434405248418
2023-03-10,0.382467943370065,0.294460168483488,0.7698950293425684
2023-03-17,0.3750284478605491,0.2964267011164323,0.7904112416204113
2023-03-24,0.3846333657477703,0.2972909883434942,0.7729204349329583
2023-03-31,0.3815170323417315,0.2980262436900698,0.7811610450542676
2023-04-06,0.3719027017128578,0.2987756025644821,0.8033703471053664
2023-04-14,0.3574615404486982,0.3002914354562466,0.8400664168774921
2023-04-21,0.3418999705831717,0.300754113892984,0.8796552786477108
2023-04-28,0.33707815862705104,0.30118256956012435,0.8935095966670383
2023-05-05,0.3199646421058464,0.30288089780391225,0.9466073995254678
2023-05-12,0.32390514982037555,0.30658611554936954,0.9465305374718171
2023-05-19,0.31695060263556957,0.3077322095377639,0.9709153634000028
2023-05-26,0.3339257219737686,0.30854266431123084,0.9239859166508542
2023-06-02,0.33049350109822334,0.3091540897015803,0.9354316761880866
2023-06-09,0.3090387263474077,0.31018976237664675,1.0
2023-06-16,0.29621135680249006,0.31018976237664675,1.0
2023-06-23,0.28976483504692474,0.31018976237664675,1.0
2023-06-30,0.2895521291727572,0.31018976237664675,1.0
2023-07-07,0.3000632493175342,0.31018976237664675,1.0
2023-07-14,0.3026038850754844,0.31018976237664675,1.0
2023-07-21,0.3042137582632408,0.31018976237664675,1.0
2023-07-28,0.29013911614272797,0.31018976237664675,1.0
2023-08-04,0.2810844797019585,0.31018976237664675,1.0
2023-08-11,0.2755568975673824,0.31018976237664675,1.0
2023-08-18,0.2706955264350656,0.31018976237664675,1.0
2023-08-25,0.269083598028187,0.31018976237664675,1.0
2023-09-01,0.2556501649781719,0.31018976237664675,1.0
2023-09-08,0.2448720664063334,0.31018976237664675,1.0
2023-09-15,0.25595116716131777,0.31018976237664675,1.0
2023-09-22,0.2525884974578512,0.31018976237664675,1.0
2023-09-29,0.24419909397723877,0.31018976237664675,1.0
2023-10-06,0.29219912934449427,0.31018976237664675,1.0
2023-10-13,0.2945568971736996,0.31018976237664675,1.0
2023-10-20,0.3074579915212152,0.31018976237664675,1.0
2023-10-27,0.32127679023350486,0.3115215077562009,0.969635894114188
2023-11-03,0.332456512454615,0.3133226803857614,0.9424471130747796
2023-11-10,0.34062677064057667,0.31598690700176757,0.927663161669672
2023-11-17,0.37447491493039153,0.3212469686718933,0.8578597814265011
2023-11-24,0.369223531234308,0.32339939060041156,0.8758905195432504
2023-12-01,0.3687459853370098,0.32589528780152505,0.8837934533814056
2023-12-08,0.375285185558399,0.32667344756887745,0.8704672077124745
2023-12-15,0.4243502062313764,0.3283385545175872,0.7737443029273822
2023-12-22,0.44161942016921285,0.32953918635243645,0.7462062837412556
2023-12-29,0.41997730746321715,0.3311300384482612,0.7884474531454597
2024-01-05,0.42723505052332855,0.3321225512003183,0.7773766473361559
2024-01-12,0.42236986721917197,0.33397083724850074,0.7907070630945363
2024-01-19,0.4231611771273296,0.3373740065102677,0.7972706967131618
2024-01-26,0.417853200490951,0.3390662770959877,0.8114483189254177
2024-02-02,0.42360772074752195,0.3413879138414322,0.8059057876447575
2024-02-09,0.4145054885949991,0.34237695121536416,0.825988944985697
2024-02-16,0.40745547650322333,0.34663844556106305,0.850739444063702
2024-02-23,0.4161648807514254,0.34972800853582275,0.8403592535351745
2024-03-01,0.42316654156995437,0.3523050922679398,0.8325447729418364
2024-03-08,0.43607588890819743,0.3545431192080586,0.8130307779586889
2024-03-15,0.4111565987314403,0.3554512694305721,0.8645155411034668
2024-03-22,0.3833006428027736,0.35787713431005586,0.9336721475163313
2024-03-28,0.3787446015399588,0.3604965118013438,0.9518195383791106
2024-04-05,0.37931724461196686,0.36339269455846057,0.9580178589829293
2024-04-12,0.38086426942206064,0.36496964474312804,0.9582669576669616
2024-04-19,0.3578119133076824,0.3655332755197014,1.0
2024-04-26,0.35483538656459074,0.3655332755197014,1.0
2024-05-03,0.3520077664781427,0.3655332755197014,1.0
2024-05-10,0.33867173811840773,0.3655332755197014,1.0
2024-05-17,0.3264893939743689,0.3655332755197014,1.0
2024-05-24,0.3341105451564882,0.3655332755197014,1.0
2024-05-31,0.32009735561786523,0.3655332755197014,1.0
2024-06-07,0.28602617732196617,0.3655332755197014,1.0
2024-06-14,0.27078132541922756,0.3655332755197014,1.0
2024-06-21,0.28409782675087075,0.3655332755197014,1.0
2024-06-28,0.2790778943922532,0.3655332755197014,1.0
2024-07-05,0.27783284241285205,0.3655332755197014,1.0
2024-07-12,0.3105286003357395,0.36496964474312804,1.0
2024-07-19,0.32772503886317955,0.36339269455846057,1.0
2024-07-26,0.3295017583440912,0.3601263740964443,1.0
2024-08-02,0.33409642848485155,0.3582636903465378,1.0
2024-08-09,0.3464629986406486,0.35780578884159714,1.0
2024-08-16,0.35880794468372096,0.35876170603455715,0.9998711325937764
2024-08-23,0.3418668636240444,0.35876170603455715,1.0
2024-08-30,0.34584637237618676,0.35876170603455715,1.0
2024-09-06,0.34867110883499913,0.35876170603455715,1.0
2024-09-13,0.3719185658033114,0.35876170603455715,0.964624353343758
2024-09-20,0.36902309049417176,0.3589144820061182,0.9726071111850568
2024-09-27,0.3650826792344879,0.3589144820061182,0.9831046566183219
2024-10-04,0.33555521819275247,0.35927103960741374,1.0
2024-10-11,0.3223424645581315,0.35763060241210504,1.0
2024-10-18,0.3186761060502037,0.3559583544723828,1.0
2024-10-25,0.314052601705102,0.3536335244699459,1.0
2024-11-01,0.2950127227556569,0.3509017740420495,1.0
2024-11-08,0.2851737397729545,0.34803445825401036,1.0
2024-11-15,0.30015930620217834,0.34724930866423065,1.0
2024-11-22,0.29927178564428103,0.3451626251046866,1.0
2024-11-29,0.2902043758748708,0.3440189900079352,1.0
2024-12-06,0.276755853474064,0.3422627101368636,1.0
2024-12-13,0.32588517024545555,0.3414487141559598,1.0
2024-12-20,0.3683547724650695,0.34114875120388505,0.9261417978132364
2024-12-27,0.3607180034158282,0.34114875120388505,0.9457491668654416
2025-01-03,0.3684897846635072,0.34114875120388505,0.9258024656379849
2025-01-10,0.4243114142302734,0.34114875120388505,0.804005595330848
2025-01-17,0.45243086839039753,0.34114875120388505,0.7540350914109415
2025-01-24,0.4546143011255401,0.34114875120388505,0.7504135931475637
2025-01-31,0.4544818954796138,0.34114875120388505,0.7506322135095644
2025-02-07,0.448488053180762,0.34114875120388505,0.7606640774138657
2025-02-14,0.44986446567265886,0.34114875120388505,0.7583367374744372
2025-02-21,0.4441716632439911,0.34114875120388505,0.7680560905491313
2025-02-28,0.4527929181810422,0.34114875120388505,0.7534321706583803
2025-03-07,0.46176822011368845,0.34114875120388505,0.7387878514461073
2025-03-14,0.443436557419155,0.34114875120388505,0.7693293335790915
2025-03-21,0.4363405016528134,0.34114875120388505,0.7818406723915114
2025-03-28,0.4411151687688588,0.34114875120388505,0.7733779642083551
2025-04-04,0.43170745257541315,0.34114875120388505,0.7902313225512159
2025-04-11,0.43287613833281346,0.34114875120388505,0.7880978436875526
2025-04-17,0.42358484240809263,0.34114875120388505,0.8053846999445119
2025-04-25,0.4346749623271496,0.341201378490112,0.7849575155270008
2025-05-02,0.44827672664778506,0.34224615665729996,0.7634707231326014
2025-05-09,0.4480575662078549,0.3440189900079352,0.767800871927122
2025-05-16,0.4491488288104897,0.34571461155457617,0.7697105934132231
2025-05-23,0.4841250085060603,0.3477242106766262,0.7182529399785662
2025-05-30,0.46735967901474984,0.34803445825401036,0.7446822519814047
2025-06-06,0.43943443083280437,0.3509017740420495,0.7985304505544316
2025-06-13,0.41348908255251526,0.3549094295782584,0.8583284167682542
2025-06-20,0.4116393544698085,0.3566706091778704,0.8664638239880202
2025-06-27,0.39373779229202394,0.35876170603455715,0.9111690903383589
2025-07-03,0.3858305737353924,0.36072906172440705,0.9349416201832664
2025-07-11,0.34397822625255353,0.3628172352489434,1.0
2025-07-18,0.34336353860621993,0.3628172352489434,1.0
2025-07-25,0.3470995816178915,0.3628172352489434,1.0
2025-08-01,0.34775138573786524,0.3628172352489434,1.0
2025-08-08,0.36376749492342747,0.363763896203653,0.9999901070881135
2025-08-15,0.3829264071019641,0.3643451360695342,0.9514756081382444
2025-08-22,0.32358663231642254,0.3643451360695342,1.0
2025-08-29,0.3217973655062367,0.3643451360695342,1.0
2025-09-05,0.3373802170831944,0.3643451360695342,1.0
2025-09-12,0.35718316114382365,0.3643451360695342,1.0
2025-09-19,0.35307026739195096,0.3643451360695342,1.0
2025-09-26,0.3681181149685019,0.3653927851014129,0.992596588550601
2025-10-03,0.38461129960376195,0.3670406874175236,0.9543159231038191
2025-10-10,0.3853698291088765,0.3678353393081014,0.9544995781290881
2025-10-17,0.5785975930355037,0.3684189234851538,0.6367446527945494
2025-10-24,0.6193062224734834,0.36882756576447795,0.5955495882011259
2025-10-31,0.8206185018926371,0.37002733777369184,0.450912740719686
2025-11-07,0.8586163059755335,0.372068254384906,0.43333471749313385
2025-11-14,0.8722489204445542,0.37460075048560326,0.4294654217453002
2025-11-21,0.8851343922829519,0.37562606449825076,0.4243717878021104
2025-11-28,0.8834479539865198,0.3778642226052929,0.427715318033391
2025-12-05,1.137874592803315,0.3789623491922889,0.3330440380592922
2025-12-12,1.29352471723308,0.3793106431272326,0.3
2025-12-19,1.6433465499078532,0.3807418588851656,0.3
2025-12-26,1.6518028496881834,0.3807418588851656,0.3
2025-12-31,1.6448715209808666,0.3807418588851656,0.3
