date,ticker,ret,gross_ret,type,cost
2010-12-31,GTI_old,0.2608006157259075,0.2608006157259075,rebalance_exit,1415092.435
2011-09-30,CPLA,-0.44776815589691543,-0.4378560537440431,rebalance_exit,1244893.1025
2011-12-30,PDLI,0.09047131163259015,0.0935276040621249,rebalance_exit,537957.2805559105
2012-03-30,WFR_old,-0.5832183382109251,-0.5767878067871427,rebalance_exit,537957.2805559105
2012-03-30,SUNE_old,-0.5573189438101456,-0.5504888101849703,rebalance_exit,537957.2805559105
2012-03-30,GTI_old,-0.05984253860597588,-0.05984253860597588,rebalance_exit,171867.40342619637
2012-03-30,CPLA,-0.0055331218273474425,-0.0027730683040771975,rebalance_exit,293313.49066505255
2012-06-29,ONCT,-0.10931117025353243,-0.09665599758217347,rebalance_exit,105.68215087890627
2012-06-29,PTXTQ,-0.191397754862367,-0.19000000423855257,rebalance_exit,10484.2791796875
2012-06-29,BRLI_old,0.11782222164169731,0.11782222164169731,rebalance_exit,20809.709081642955
2012-06-29,PTE,-0.20325230079512702,-0.19649564894806282,rebalance_exit,220.60717498779297
2012-06-29,CTCM,-0.3021101068704135,-0.29723780030785474,rebalance_exit,20809.709081642955
2012-06-29,CNYD,-0.5698020004344673,-0.5698020004344673,rebalance_exit,20809.709081642955
2012-06-29,AMSG,0.07147962947536723,0.07147962947536723,rebalance_exit,20809.709081642955
2012-06-29,CXDC,-0.16500928179807128,-0.1596330121113143,rebalance_exit,20809.709081642955
2012-06-29,PGCG,-0.29824559055280153,-0.29824559055280153,rebalance_exit,20809.709081642955
2012-06-29,HUSA,-0.7895028149208027,-0.7895028149208027,rebalance_exit,3824.4591845703126
2012-06-29,DUSA1,-0.16613424930751974,-0.16613424930751974,rebalance_exit,20809.709081642955
2012-09-28,HIBB,0.0795335232677099,0.0854892589082823,rebalance_exit,20809.709081642955
2012-09-28,CCGN,-0.11111111111111116,-0.11111111111111116,rebalance_exit,9203.118553099357
2012-09-28,BYI,0.05662856081739087,0.058508348717616565,rebalance_exit,9203.118553099357
2012-09-28,SRNA,0.0,0.0,rebalance_exit,9203.118553099357
2012-12-31,HI,0.11359528394445784,0.12072037982803097,rebalance_exit,319709.54187500005
2012-12-31,STEC_old1,1.0430286474768407,1.0430286474768407,rebalance_exit,1448516.6563127101
2012-12-31,BSTC,-0.07561998315261009,-0.05772156401296025,rebalance_exit,14886.987890625001
2012-12-31,CMLSW,-0.26345611169822725,-0.26345611169822714,rebalance_exit,20809.709081642955
2012-12-31,MDF,0.2017076164788003,0.2017076164788003,rebalance_exit,20809.709081642955
2012-12-31,IQNT,-0.6673080405047738,-0.6608500699939028,rebalance_exit,20809.709081642955
2012-12-31,SHS,0.5518059703174603,0.5518059703174605,rebalance_exit,9203.118553099357
2012-12-31,CLCT,-0.2658111743835859,-0.2632815406601703,rebalance_exit,6196.59060661898
2013-03-28,LANC,0.3868001878631293,0.387253878582287,rebalance_exit,171867.40342619637
2013-03-28,STEC_old,-0.5681778849934078,-0.5681778849934078,rebalance_exit,171867.40342619637
2013-03-28,YONG,0.6882063962356622,0.6882063962356622,rebalance_exit,20809.709081642955
2013-03-28,CMIA,-0.042231630398748554,-0.042231630398748554,rebalance_exit,12000.404130859375
2013-03-28,PDLI,0.22246334779943688,0.22246334779943688,rebalance_exit,20809.709081642955
2013-03-28,CRR,0.20024551313506223,0.20024551313506245,rebalance_exit,9203.118553099357
2013-03-28,TPX,1.0956416171957128,1.1072116872565956,rebalance_exit,9203.118553099357
2013-03-28,TEA,0.14560238772423073,0.14560238772423073,rebalance_exit,9203.118553099357
2013-03-28,CRRT,0.18688903571636328,0.18688903571636306,rebalance_exit,9203.118553099357
2013-03-28,EPHC,0.24827526505870745,0.24827526505870745,rebalance_exit,6196.59060661898
2013-03-28,CASC1,0.17910330035636401,0.17910330035636401,rebalance_exit,6196.59060661898
2013-03-28,LPIH,-0.9491300898359891,-0.9431818170272861,rebalance_exit,6196.59060661898
2013-03-28,BIG,0.173935097040967,0.1823570702995132,rebalance_exit,6196.59060661898
2013-03-28,NTSP,0.34420605906027824,0.3443317050406287,rebalance_exit,398578.77125
2013-03-28,HXWWF,-6.661338147750939e-16,-6.661338147750939e-16,rebalance_exit,485033.9845863419
2013-06-28,OMPI,0.7832994998993836,0.7832994998993836,rebalance_exit,20809.709081642955
2013-06-28,BODY_old,0.4799999660915799,0.4799999660915799,rebalance_exit,9203.118553099357
2013-06-28,QCOR,1.4320174830729693,1.4602057561450037,rebalance_exit,6196.59060661898
2013-06-28,DLLR,-0.2086127733906038,-0.20093250403991647,rebalance_exit,6196.59060661898
2013-06-28,KIRK,0.6141412690073591,0.6235986588532099,rebalance_exit,103666.12203125001
2013-06-28,CXDC,0.07026219944487577,0.07201251661420827,rebalance_exit,25235.0454296875
2013-06-28,PHLT,-0.07050517108062104,-0.05618889213252065,rebalance_exit,207088.26104089158
2013-06-28,BSTC,-0.09142707839235598,-0.08504392495449775,rebalance_exit,20448.568359375
2013-06-28,LL,0.10057567537960588,0.10316397432867164,rebalance_exit,207088.26104089158
2013-06-28,LLFLQ,0.10055636857981298,0.1031562307000018,rebalance_exit,207088.26104089158
2013-06-28,HRAAD,0.5659157321387651,0.5849260598497936,rebalance_exit,207088.26104089158
2013-09-30,HITT,0.017199006464292843,0.018958279854666138,rebalance_exit,1308071.795
2013-09-30,TRLG,0.1522221626046012,0.1522221626046012,rebalance_exit,20809.709081642955
2013-09-30,IMMU,0.7663817168406455,0.7663817168406455,rebalance_exit,6196.59060661898
2013-09-30,NRCIB,-0.16381469375825386,-0.14939975037548459,rebalance_exit,132566.77902193533
2013-09-30,CRR,0.4542407276560012,0.46881492811515413,rebalance_exit,132566.77902193533
2013-09-30,NRCIA,0.03633484936298892,0.03891780285403135,rebalance_exit,132566.77902193533
2013-09-30,FTLFD,0.6215583195404253,0.6215583195404253,rebalance_exit,2230.0904443359373
2013-09-30,CRRT,0.4493556625766728,0.46388090558581885,rebalance_exit,132566.77902193533
2013-09-30,BIG,0.1667583070358718,0.16758393124912452,rebalance_exit,132566.77902193533
2013-12-31,LDR,0.05532348077672511,0.06001345775082223,rebalance_exit,20809.709081642955
2013-12-31,JNP,-0.8572089755314813,-0.8560457109833051,rebalance_exit,20809.709081642955
2013-12-31,BODY_old,-0.36643136027440704,-0.35984758583510634,rebalance_exit,173507.036875
2013-12-31,LBMH,1.0278097446727497,1.0600987269885964,rebalance_exit,60986.361796875
2013-12-31,CTCM,0.33805276552787045,0.3395044934936622,rebalance_exit,269980.05365720094
2013-12-31,KIRK,0.2529853647710891,0.26904999202114777,rebalance_exit,227123.09812500002
2013-12-31,ABAX,-0.06042467809516794,-0.06042467809516794,rebalance_exit,269980.05365720094
2013-12-31,CXDC,0.13207477337492302,0.13806316645809602,rebalance_exit,13001.99791015625
2013-12-31,UACL,0.14870267890793976,0.14870267890793953,rebalance_exit,62465.49359375
2014-03-31,ESI1,-0.5052617083038702,-0.5052617083038702,rebalance_exit,171867.40342619637
2014-03-31,SCLN,-0.2905567380662578,-0.28584676139748866,rebalance_exit,20809.709081642955
2014-03-31,ITMN,1.2815269970440646,1.2815269970440646,rebalance_exit,20809.709081642955
2014-03-31,VCI,0.47351640034511644,0.47351640034511666,rebalance_exit,20809.709081642955
2014-03-31,MCRL,0.07813561040010009,0.07813561040010009,rebalance_exit,20809.709081642955
2014-03-31,ARDNA,0.7199986792307267,0.7199986792307267,rebalance_exit,20809.709081642955
2014-03-31,AFAM,-0.030830676907645183,-0.02164186390663203,rebalance_exit,20809.709081642955
2014-03-31,PHMD,0.26140867545435276,0.2812084249691482,rebalance_exit,9203.118553099357
2014-03-31,INVN_old2,1.0627681326518479,1.0946902368817248,rebalance_exit,9203.118553099357
2014-03-31,GTATQ,2.1755028474265123,2.229166393855014,rebalance_exit,9203.118553099357
2014-03-31,GADS,0.26140867545435276,0.2812084249691482,rebalance_exit,9203.118553099357
2014-03-31,ONCT,-0.6425606379589441,-0.6402484207991201,rebalance_exit,24.332549533843995
2014-03-31,WLT,-0.7369444961048868,-0.7336311012279917,rebalance_exit,207088.26104089158
2014-03-31,WLTGQ,-0.7394858083902602,-0.736204423378136,rebalance_exit,207088.26104089158
2014-03-31,DRTX,0.4928657965603518,0.4962221781412761,rebalance_exit,24650.1158203125
2014-03-31,CIVI,0.14229844269111247,0.1422984426911127,rebalance_exit,21632.645898437502
2014-03-31,BCEI,0.14230058786367095,0.14230058786367095,rebalance_exit,207088.26104089158
2014-03-31,RNF,-0.339124403276155,-0.339124403276155,rebalance_exit,132566.77902193533
2014-03-31,VPCO,0.12167317008004352,0.14133589779382505,rebalance_exit,91484.8951953125
2014-03-31,ARIA,0.17628681532776924,0.18181821359884998,rebalance_exit,294493.5091852488
2014-03-31,PHLT,-0.1380136106894515,-0.12601016332451076,rebalance_exit,255338.364375
2014-03-31,BIG,0.17280633868074613,0.17280633868074613,rebalance_exit,294493.5091852488
2014-06-30,AROPQ,-0.8581878132606344,-0.8579759711855943,rebalance_exit,1448516.6563127101
2014-06-30,ARO,-0.8581878132606344,-0.8579759711855943,rebalance_exit,1448516.6563127101
2014-06-30,SAFM,0.9936091043919448,0.9936091043919448,rebalance_exit,293313.49066505255
2014-06-30,OSIR,2.020059377756014,2.047864645607864,rebalance_exit,20809.709081642955
2014-06-30,GMANQ,-0.6764963380494203,-0.6740621658259931,rebalance_exit,20809.709081642955
2014-06-30,LIWA,-0.6427824455931498,-0.6427824455931498,rebalance_exit,20809.709081642955
2014-06-30,GMAN1,-0.8057402358083412,-0.8042785468763715,rebalance_exit,20809.709081642955
2014-06-30,INTX,-0.4799415845042192,-0.4799415845042192,rebalance_exit,100833.30539062501
2014-06-30,CLCT,0.5753364358496524,0.5753364358496524,rebalance_exit,99038.79015625
2014-06-30,USMD_old,-0.616456804836415,-0.5971612026081237,rebalance_exit,66011.64859375001
2014-06-30,INVS,0.2638446050575276,0.2638446050575276,rebalance_exit,269980.05365720094
2014-06-30,DLLR,-0.13466784104270701,-0.13466784104270713,rebalance_exit,269980.05365720094
2014-06-30,HITT,0.25528492721295803,0.25661254187543836,rebalance_exit,294493.5091852488
2014-06-30,ALDW,0.11148254722685835,0.11148254722685835,rebalance_exit,83497.2810725276
2014-06-30,TXSO,-0.19178087896109608,-0.19178087896109608,rebalance_exit,83497.2810725276
2014-06-30,CNFND,-0.3370165745856354,-0.3370165745856354,rebalance_exit,17.377699769735337
2014-06-30,KIRK,-0.005299713611087609,-0.005299713611087609,rebalance_exit,83497.2810725276
2014-06-30,OPEN_old,0.3400523695202051,0.34226568374869015,rebalance_exit,83497.2810725276
2014-06-30,PDH,0.14616573223202045,0.14651770878019832,rebalance_exit,83497.2810725276
2014-09-30,YONG,0.30711088283514476,0.30711088283514476,rebalance_exit,132566.77902193533
2014-09-30,BODY_old,-0.8177570016407655,-0.8177570016407655,rebalance_exit,83497.2810725276
2014-09-30,CNVR,0.19992810296879449,0.2027688143169737,rebalance_exit,83497.2810725276
2014-09-30,CXEE,0.0,0.0,rebalance_exit,83497.2810725276
2014-09-30,STMP,-0.06169624206117519,-0.06169624206117519,rebalance_exit,159646.84740621815
2014-09-30,FRG,-0.04004076591316641,-0.030321394210566677,rebalance_exit,159646.84740621815
2014-09-30,PTE,-0.555130993314715,-0.534604707884168,rebalance_exit,159646.84740621815
2014-09-30,CXDC,-0.3508411483578435,-0.35084114835784364,rebalance_exit,159646.84740621815
2014-09-30,ADNC,-0.3894196022597216,-0.3894196022597216,rebalance_exit,159646.84740621815
2014-12-31,KWKAQ,-0.9624669648872376,-0.9611422198168923,rebalance_exit,20809.709081642955
2014-12-31,KWK,-0.9624248624180782,-0.9611029688692486,rebalance_exit,20809.709081642955
2014-12-31,DRRX,-0.4365985884552822,-0.4162702050895484,rebalance_exit,7412.17890625
2014-12-31,BNNY,0.06755403821380557,0.06755403821380557,rebalance_exit,132566.77902193533
2014-12-31,INSYQ,0.017620070887258255,0.017620070887258255,rebalance_exit,83497.2810725276
2014-12-31,ARCW,-0.2833281057628597,-0.26771277085529155,rebalance_exit,83497.2810725276
2014-12-31,PTIE,-0.6386990286213248,-0.6364288132804332,rebalance_exit,19372.7795703125
2014-12-31,INSY,0.017620070887258255,0.017620070887258255,rebalance_exit,83497.2810725276
2014-12-31,UACL,-0.014253735623636965,-0.014253735623637076,rebalance_exit,83497.2810725276
2014-12-31,MCEP,4.798583842129387,4.876214674322637,rebalance_exit,83497.2810725276
2014-12-31,TAXA,0.07225773161820359,0.07294681459174601,rebalance_exit,159646.84740621815
2014-12-31,DESTQ,-0.2862388005293066,-0.283750659923968,rebalance_exit,159646.84740621815
2014-12-31,DEST,-0.28624222942799493,-0.28375410077564855,rebalance_exit,159646.84740621815
2014-12-31,GTATQ,-0.9694367495318366,-0.9694367495318366,rebalance_exit,119751.52164671362
2015-03-31,FHCO,-0.43947722855837545,-0.43506208620973086,rebalance_exit,20809.709081642955
2015-03-31,CBPO,9.21456580908717,9.21456580908717,rebalance_exit,20809.709081642955
2015-03-31,MNTA,-0.02215312192015284,-0.013861080573642326,rebalance_exit,20809.709081642955
2015-03-31,VG_old,1.3977352023804297,1.4075631924906142,rebalance_exit,9203.118553099357
2015-03-31,ATRI,0.7912054916662832,0.8183029299431106,rebalance_exit,9203.118553099357
2015-03-31,AUXL,1.1928927955644828,1.1928927955644828,rebalance_exit,132566.77902193533
2015-03-31,CALL,-0.43552256347233753,-0.43552256347233753,rebalance_exit,294493.5091852488
2015-03-31,LDR,-0.18807418310604218,-0.1880741831060423,rebalance_exit,83497.2810725276
2015-03-31,SPPI,-0.23423384510986434,-0.2311020573897894,rebalance_exit,83497.2810725276
2015-03-31,IPHS,0.02631888431945395,0.02631888431945395,rebalance_exit,83497.2810725276
2015-03-31,DTSI,0.8342248585153968,0.8373566157914762,rebalance_exit,159646.84740621815
2015-03-31,COSMD,-0.3582929321942794,-0.3582929321942794,rebalance_exit,249.23594985961915
2015-03-31,BTH,-0.028561045402167973,-0.02442160052655573,rebalance_exit,159646.84740621815
2015-03-31,HWCC,-0.20238389772365561,-0.19223338082940233,rebalance_exit,83765.27890625001
2015-03-31,RNF,-0.09323159054661279,-0.08887412917556992,rebalance_exit,159646.84740621815
2015-03-31,OME,-0.0058692661956559755,0.0007294659481487109,rebalance_exit,124252.795
2015-03-31,QLTY_old,-0.3105810943798337,-0.3105810943798337,rebalance_exit,159646.84740621815
2015-03-31,PTEIQ,-0.04196309181417457,-0.024170965940846112,rebalance_exit,11278.080000000002
2015-03-31,MOCO,-0.07513016464542133,-0.0723599110007419,rebalance_exit,9529.953940429687
2015-03-31,ZONX,0.529100539297628,0.5291005392976278,rebalance_exit,135755.13339889923
2015-03-31,LCI,0.5583041676603082,0.5583041676603084,rebalance_exit,135755.13339889923
2015-03-31,CXEE,0.0,0.0,rebalance_exit,135755.13339889923
2015-03-31,ADNC,0.02032954500855455,0.02032954500855455,rebalance_exit,43988.179140625
2015-06-30,MASI,0.22612401771723323,0.22816087321617085,rebalance_exit,1315569.245
2015-06-30,NXGN,-0.3214635532869139,-0.319899604788104,rebalance_exit,9203.118553099357
2015-06-30,ESI1,-0.07460639322574525,-0.07460639322574536,rebalance_exit,119751.52164671362
2015-06-30,ALDW,0.3225495263727669,0.34548458731096643,rebalance_exit,119751.52164671362
2015-06-30,MTSC,-0.09140306860953762,-0.0894965168050802,rebalance_exit,126131.75800245692
2015-06-30,WIZDD,-0.009333501034670677,0.020161289909090163,rebalance_exit,2913.09
2015-06-30,OUTR,0.13447703263365662,0.14052926663798426,rebalance_exit,126131.75800245692
2015-06-30,CECE,0.05592105098595468,0.06814122736000483,rebalance_exit,126131.75800245692
2015-06-30,WIZD,-0.009408175503148986,0.02002685259692183,rebalance_exit,2907.2902746582035
2015-06-30,WPT,0.05772972000009702,0.05889334218291031,rebalance_exit,106728.134921875
2015-09-30,ONE2,-0.870574700212759,-0.8692472625389867,rebalance_exit,20809.709081642955
2015-09-30,BRLI_old,0.20140577200412757,0.20140577200412757,rebalance_exit,485033.9845863419
2015-09-30,ROSE1,-0.10963405983744356,-0.10963405983744356,rebalance_exit,135755.13339889923
2015-09-30,GMANQ,-0.5803783684638347,-0.5783132627024532,rebalance_exit,126131.75800245692
2015-09-30,DEST,-0.38169513662843413,-0.3773561888672198,rebalance_exit,126131.75800245692
2015-09-30,GMAN1,-0.5803783684638347,-0.5783132627024532,rebalance_exit,126131.75800245692
2015-09-30,DESTQ,-0.3816837996763137,-0.3773447723581592,rebalance_exit,126131.75800245692
2015-09-30,TAXA,-0.06032817478131325,-0.06032817478131325,rebalance_exit,234996.6042603692
2015-09-30,FRG,-0.06043212854241531,-0.0604321285424152,rebalance_exit,121249.52671875
2015-09-30,COSMD,-0.3859404263647873,-0.32512497901916504,rebalance_exit,302.8957449340821
2015-09-30,CXEE,0.010309268214748757,0.010309219360351562,rebalance_exit,234996.6042603692
2015-12-31,CYBX,0.5565197838406057,0.5565197838406057,rebalance_exit,9203.118553099357
2015-12-31,COL,0.18212177077557778,0.18212177077557778,rebalance_exit,159646.84740621815
2015-12-31,PHLT,-0.7377525668668534,-0.7327312138770471,rebalance_exit,135755.13339889923
2015-12-31,UACL,-0.4316210540817893,-0.4316210540817893,rebalance_exit,77810.1746875
2015-12-31,ALSK,-0.2517100018932139,-0.24196444385163507,rebalance_exit,73497.4353125
2015-12-31,MASI,0.0718713726102691,0.07187137261026888,rebalance_exit,271003.4510607117
2015-12-31,JOY,-0.16953889415399803,-0.16327578335218396,rebalance_exit,271003.4510607117
2015-12-31,MCEP,-0.9746231299727611,-0.9736371100128063,rebalance_exit,38213.794140625
2016-03-31,ZVO,-0.5957350782361286,-0.5957350782361286,rebalance_exit,20809.709081642955
2016-03-31,CRAY,0.7988119203841946,0.805687268443265,rebalance_exit,207088.26104089158
2016-03-31,TTS,-0.2909795179758088,-0.29033884901411255,rebalance_exit,207088.26104089158
2016-03-31,PME,-0.6375006519921149,-0.637500651992115,rebalance_exit,64170.948945312506
2016-03-31,LBMH,-0.04920922388282223,-0.04920922388282212,rebalance_exit,112653.80796875
2016-03-31,CRR,-0.7550223782446153,-0.7535133489664654,rebalance_exit,119751.52164671362
2016-03-31,CRRT,-0.7617243739606372,-0.7602566280768033,rebalance_exit,119751.52164671362
2016-03-31,SAFM,0.08049702803481962,0.08735614965132998,rebalance_exit,135755.13339889923
2016-03-31,DRRX,-0.3038189997619932,-0.29718103731006884,rebalance_exit,20472.518398437503
2016-03-31,SCMP,-0.2975578399473445,-0.2975578399473444,rebalance_exit,126131.75800245692
2016-03-31,CALL,-0.12161565031633126,-0.11709285405913894,rebalance_exit,234996.6042603692
2016-03-31,ESES,-0.5365826631168538,-0.5365826631168538,rebalance_exit,234996.6042603692
2016-03-31,RNF,-0.10400957176493819,-0.0946440427991907,rebalance_exit,120555.53812500002
2016-03-31,ATRI,0.010433628975438758,0.010433628975438758,rebalance_exit,234996.6042603692
2016-03-31,ALDW,-0.4196920719952175,-0.4196920719952175,rebalance_exit,271003.4510607117
2016-03-31,BTCSD,-0.043537394350906866,-0.033460990333618934,rebalance_exit,2103.3719995117185
2016-03-31,COSMD,-0.05174785597142084,-0.05000001192092918,rebalance_exit,223444.53675194446
2016-03-31,HCLP,-0.17696404834307022,-0.16215784532160193,rebalance_exit,223444.53675194446
2016-03-31,ONE2,0.17559026674499,0.20490618600166788,rebalance_exit,41123.98375000001
2016-03-31,HCR,-0.17696830835162058,-0.16216218196659993,rebalance_exit,223444.53675194446
2016-06-30,APEX,-0.16089353646880622,-0.1543329081861785,rebalance_exit,9203.118553099357
2016-06-30,CHKE,-0.16089327657771624,-0.15433264626310716,rebalance_exit,9203.118553099328
2016-06-30,TFM,-0.29604937706464596,-0.29604937706464607,rebalance_exit,294493.5091852488
2016-06-30,CTCM,-0.7515242050489264,-0.7515242050489264,rebalance_exit,83497.2810725276
2016-06-30,ABAX,0.23667682671284895,0.23667682671284895,rebalance_exit,83497.2810725276
2016-06-30,INVN_old2,-0.6893056129414332,-0.6893056129414332,rebalance_exit,119751.52164671362
2016-06-30,AFOP,0.057938477783537445,0.05793847778353722,rebalance_exit,126131.75800245692
2016-06-30,EMESZ,-0.6858571832431286,-0.683670600054628,rebalance_exit,234996.6042603692
2016-06-30,EMES_old,-0.6763838141138666,-0.6741312917774003,rebalance_exit,234996.6042603692
2016-06-30,AHGP,-0.25161165829847154,-0.23750333407646818,rebalance_exit,242787.84375
2016-06-30,YECO_old,-0.20288369821947683,-0.20288369821947672,rebalance_exit,271003.4510607117
2016-06-30,COL,-0.07633580691879771,-0.0763358069187976,rebalance_exit,134249.85271863075
2016-06-30,UACL,-0.1341834541357677,-0.13418345413576782,rebalance_exit,43196.38109375
2016-06-30,CXEE,-0.2326621414427088,-0.2326621413230896,rebalance_exit,134249.85271863075
2016-09-30,RAVN,0.4491185378893663,0.4491185378893665,rebalance_exit,9203.118553099357
2016-09-30,CHMT_old,0.18632896817743916,0.1892510715279072,rebalance_exit,126131.75800245692
2016-09-30,PTIE,-0.5594250892320975,-0.552897019573132,rebalance_exit,20923.618046875003
2016-09-30,TAXA,-0.035858645692662505,-0.02881547047229216,rebalance_exit,138134.46328125
2016-09-30,FRG,-0.03586099761704453,-0.028817839577780946,rebalance_exit,138134.46328125
2016-09-30,SAFM,0.12199195912035776,0.12620033202738412,rebalance_exit,138556.18345057577
2016-09-30,WNR,0.2860420737686198,0.30179212632905816,rebalance_exit,138556.18345057577
2016-09-30,CHMD,-0.4776119081410106,-0.4776119081410106,rebalance_exit,138556.18345057577
2016-12-30,SIAF,-0.5809253691235188,-0.5809253691235188,rebalance_exit,88880.421640625
2016-12-30,CXDC,-0.2686654369298844,-0.2633517262515549,rebalance_exit,50439.51833984375
2016-12-30,TSRA,0.15873310927626072,0.15873310927626072,rebalance_exit,234996.6042603692
2016-12-30,CBM,0.21782301301165075,0.22613638097589672,rebalance_exit,134249.85271863075
2016-12-30,WIZD,-0.5206567127152966,-0.4967957084988577,rebalance_exit,134249.85271863075
2016-12-30,MTSC,-0.061388955287877134,-0.05026349611722769,rebalance_exit,134249.85271863075
2016-12-30,WIZDD,-0.5206013689464644,-0.496600754166745,rebalance_exit,134249.85271863075
2016-12-30,BFXXQ,-0.0496934920406682,-0.0496934920406682,rebalance_exit,134249.85271863075
2016-12-30,BFX,-0.0496934920406682,-0.0496934920406682,rebalance_exit,134249.85271863075
2016-12-30,FMSA,3.6092494731203253,3.635468514223944,rebalance_exit,134249.85271863075
2016-12-30,PGTI,0.1636178487511326,0.1636178487511324,rebalance_exit,134249.85271863075
2016-12-30,NLS,-0.0496934920406682,-0.0496934920406682,rebalance_exit,134249.85271863075
2016-12-30,ADADD,-0.7975599986203212,-0.7975599986203211,rebalance_exit,140904.40033674784
2016-12-30,YECO_old,-0.6329234721883665,-0.6275827345341466,rebalance_exit,9535.985268554688
2016-12-30,MPAY_old,-0.20000000000000007,-0.19999998807907104,rebalance_exit,140904.40033674784
2017-03-31,PLKI,3.6580191193716907,3.6580191193716907,rebalance_exit,20809.709081642955
2017-03-31,SWHC,1.104169629588494,1.104169629588494,rebalance_exit,132566.77902193533
2017-03-31,IQNT,0.7183806493386788,0.7183806493386788,rebalance_exit,83497.2810725276
2017-03-31,REGI,-0.13070956782149779,-0.12844036624276012,rebalance_exit,83497.2810725276
2017-03-31,STMP,1.4351979575510017,1.4616513372973823,rebalance_exit,135755.13339889923
2017-03-31,ADMS,-0.01379122371320085,-0.004924302893133503,rebalance_exit,126131.75800245692
2017-03-31,VEC,-0.13007139411812063,-0.12825224464712603,rebalance_exit,126131.75800245692
2017-03-31,ARII,-0.12288368663795357,-0.11865874617957195,rebalance_exit,126131.75800245692
2017-03-31,ALDW,-0.07594238906782047,-0.07450820210532993,rebalance_exit,138556.18345057577
2017-03-31,CVRR,0.20474826968390714,0.21935467902799943,rebalance_exit,138556.18345057577
2017-03-31,SCMP,-0.005514494702274608,0.0027347066764764616,rebalance_exit,138556.18345057577
2017-03-31,ATRI,0.10085736744931406,0.10174671167397098,rebalance_exit,138556.18345057577
2017-03-31,PHLT,-0.04580272096361826,-0.006779654441774419,rebalance_exit,20399.895058593753
2017-03-31,EMESZ,0.06324135585358448,0.09590924579159821,rebalance_exit,221137.21171862725
2017-03-31,EMES_old,0.06324135585358448,0.09590924579159821,rebalance_exit,221137.21171862725
2017-03-31,CHMD,-0.27777773178653775,-0.27777773178653753,rebalance_exit,221137.21171862725
2017-03-31,CALL,0.2481752277036684,0.2481752277036684,rebalance_exit,48310.348750000005
2017-06-30,CLCT,0.3618274762203566,0.3648759756472757,rebalance_exit,119751.52164671362
2017-06-30,CGWB,0.5740259981533398,0.5740259885787964,rebalance_exit,134249.85271863075
2017-06-30,TASR,0.10573210641622044,0.10573210641622022,rebalance_exit,134249.85271863075
2017-06-30,AHGP,-0.04072680722391464,-0.03748233471655493,rebalance_exit,140904.40033674784
2017-06-30,APEX,-0.34391936536275514,-0.3398352242735011,rebalance_exit,115489.663046875
2017-06-30,CHKE,-0.34391936536275514,-0.3398352242735011,rebalance_exit,123352.19078125
2017-06-30,MIHI,-0.7368420980396032,-0.7368420980396032,rebalance_exit,160419.4352518704
2017-06-30,WEYL,-0.26803448251715445,-0.26803448251715434,rebalance_exit,160419.4352518704
2017-06-30,COSMD,-0.20958088585489765,-0.20958088585489765,rebalance_exit,145.26893058776855
2017-06-30,RAVN,0.1496552830778044,0.1513754300714545,rebalance_exit,160419.4352518704
2017-06-30,MTSC,-0.05911891560637239,-0.0538136953616517,rebalance_exit,160419.4352518704
2017-06-30,WIZDD,0.11098927954867666,0.12653062781509083,rebalance_exit,160419.4352518704
2017-06-30,NTRP_old,-0.5144617649908622,-0.5144617649908623,rebalance_exit,160419.4352518704
2017-06-30,WIZD,0.11131177700679706,0.12653062781509083,rebalance_exit,160419.4352518704
2017-09-29,HIBB,-0.7345741398283996,-0.7318336676588802,rebalance_exit,485033.9845863419
2017-09-29,WPT,0.47165694345194775,0.47165694345194775,rebalance_exit,48184.9256640625
2017-09-29,NLS,-0.0787202823730132,-0.07397262364217683,rebalance_exit,160419.4352518704
2017-09-29,BFXXQ,-0.0787202823730132,-0.07397262364217683,rebalance_exit,160419.4352518704
2017-09-29,BFX,-0.0787202823730132,-0.07397262364217683,rebalance_exit,160419.4352518704
2017-09-29,FRP,-0.0391566600763561,-0.03915666007635599,rebalance_exit,160419.4352518704
2017-09-29,TAXA,0.11180957337915576,0.1147287225562732,rebalance_exit,96699.4346875
2017-09-29,FRG,0.11179529133914001,0.11471440301756508,rebalance_exit,96699.4346875
2017-12-29,SCSS,0.553537279229183,0.553537279229183,rebalance_exit,9203.118553099357
2017-12-29,AMWD,0.958671055916454,0.9621874870338791,rebalance_exit,138556.18345057577
2017-12-29,VVUSQ,-0.5685951223907058,-0.558078458196561,rebalance_exit,101908.741328125
2017-12-29,VRTSP,0.0870589493787286,0.0870589493787286,rebalance_exit,160419.4352518704
2017-12-29,VVUS,-0.5685951234395148,-0.5580784592709376,rebalance_exit,104551.494140625
2017-12-29,EGRN,-0.8690476102623536,-0.8690476102623536,rebalance_exit,240757.8545491347
2017-12-29,LPAD,0.18892782003787745,0.18892782003787745,rebalance_exit,240757.8545491347
2018-03-29,OCIP,-0.4481354315769259,-0.44731380029240253,rebalance_exit,83497.2810725276
2018-03-29,LL,-0.5879845289455526,-0.5879845289455525,rebalance_exit,119751.52164671362
2018-03-29,LLFLQ,-0.5879845289455526,-0.5879845289455525,rebalance_exit,119751.52164671362
2018-03-29,LUMO,-0.8692340321593225,-0.8681267680631659,rebalance_exit,126131.75800245692
2018-03-29,PEIX,-0.7312898847444713,-0.7244326817415316,rebalance_exit,126131.75800245692
2018-03-29,NLNK,-0.8692249894758126,-0.8681176488105078,rebalance_exit,126131.75800245692
2018-03-29,SSNI,0.0968634586473367,0.0968634586473367,rebalance_exit,134249.85271863075
2018-03-29,HCLP,-0.18764554900483832,-0.1768168185960648,rebalance_exit,138556.18345057577
2018-03-29,HCR,-0.17509884447819812,-0.16410286579415378,rebalance_exit,138556.18345057577
2018-03-29,SYNT,0.2882533263354303,0.2890063379540071,rebalance_exit,221137.21171862725
2018-03-29,GV_old,-0.34288452066037,-0.3395908409385474,rebalance_exit,160419.4352518704
2018-03-29,FMSA,-0.4245200162420907,-0.42280198514106404,rebalance_exit,160419.4352518704
2018-03-29,CLSD,0.348785796589826,0.35138538211832615,rebalance_exit,10455.9602734375
2018-03-29,ALDW,0.6662199748474653,0.6662199748474653,rebalance_exit,69272.86390625
2018-03-29,EMESZ,-0.33517701812677225,-0.3270816500453203,rebalance_exit,197359.3305121586
2018-03-29,EMES_old,-0.33517701812677225,-0.3270816500453203,rebalance_exit,197359.3305121586
2018-03-29,CLUB_old,0.5823550921595173,0.6021455402714841,rebalance_exit,27701.622216796877
2018-03-29,SCMP,0.702002614507254,0.7020026145072542,rebalance_exit,197359.3305121586
2018-03-29,CLUBQ,0.5823550921595173,0.6021455402714841,rebalance_exit,26660.4204296875
2018-03-29,ATRI,-0.018837212338918108,-0.01316357550062941,rebalance_exit,197359.3305121586
2018-06-29,AHGP,0.10915199379342333,0.10915199379342333,rebalance_exit,235041.50437500002
2018-06-29,MTEM,-0.2568244726183132,-0.24964137103463047,rebalance_exit,3835.3406835937503
2018-06-29,NRCIB,-0.045063939274287645,-0.045063939274287756,rebalance_exit,48437.760625
2018-06-29,WEYL,-0.6585939438247631,-0.6458752678435843,rebalance_exit,138845.41059275792
2018-06-29,NRCIA,-0.0787756521942713,-0.0787756521942713,rebalance_exit,126273.574375
2018-06-29,VDSI,0.6645684067120146,0.6645684067120146,rebalance_exit,108967.5020936069
2018-06-29,THR,0.01589660073930599,0.02052659504477461,rebalance_exit,108967.5020936069
2018-06-29,CVRR,0.7334309642222172,0.7334309642222172,rebalance_exit,108967.5020936069
2018-06-29,WEYLD,-0.6041720995156559,-0.5894259938880413,rebalance_exit,13785.784921875
2018-06-29,CSWI,0.17314071019639976,0.17314071019639976,rebalance_exit,108967.5020936069
2018-06-29,ZYXI,-0.08554741121915777,-0.08554741121915777,rebalance_exit,12656.534941406251
2018-06-29,MLHR,0.06521030476056833,0.0667564081705947,rebalance_exit,108967.5020936069
2018-06-29,JNP,-0.1428571294345623,-0.1428571294345623,rebalance_exit,108967.5020936069
2018-09-28,CPLA,2.353194599289326,2.353194599289326,rebalance_exit,9203.118553099357
2018-09-28,LCI,-0.8865191589796351,-0.8865191589796351,rebalance_exit,271003.4510607117
2018-09-28,PMD,0.004694426841759691,0.007090890626218593,rebalance_exit,29226.935625000002
2018-09-28,CBM,0.2286446030966811,0.24250685692709184,rebalance_exit,160419.4352518704
2018-09-28,ABAX,0.6826567266510986,0.6826567266510986,rebalance_exit,138845.41059275792
2018-09-28,CSGS,-0.01678785434558816,-0.012401484129747398,rebalance_exit,150164.56260302488
2018-09-28,NP_old,0.015574808381059402,0.015574808381059402,rebalance_exit,150164.56260302488
2018-09-28,CALL,-0.02346079628672526,-0.020519401990118036,rebalance_exit,76096.30046874999
2018-09-28,MAMS,-0.12376099410399355,-0.10984656505173174,rebalance_exit,25374.007070312502
2018-09-28,ARII,0.1723044861977796,0.1723044861977796,rebalance_exit,150164.56260302488
2018-12-31,SRDX,1.178356332959361,1.206349120130818,rebalance_exit,109291.703125
2018-12-31,SONC,0.42606070260424644,0.42606070260424644,rebalance_exit,223444.53675194446
2018-12-31,FRAN,-0.9494916940934767,-0.9494916940934767,rebalance_exit,134249.85271863075
2018-12-31,AVDL,-0.7792377232445427,-0.7722271960786272,rebalance_exit,134249.85271863075
2018-12-31,OCLR,-0.053190930649805956,-0.053190930649805956,rebalance_exit,240757.8545491347
2018-12-31,RTEC,-0.2634681305374509,-0.2610108754674898,rebalance_exit,108967.5020936069
2018-12-31,KNL,-0.16887276859824052,-0.16541115140111184,rebalance_exit,108967.5020936069
2018-12-31,FRGI,-0.1699011383999538,-0.1699011383999538,rebalance_exit,108967.5020936069
2018-12-31,GV_old,-0.4778597332102389,-0.4726953312565698,rebalance_exit,33364.8063671875
2018-12-31,GNC,-0.3418650172156491,-0.3267045743178485,rebalance_exit,150164.56260302488
2018-12-31,FPTAD,-0.7737912039711166,-0.736428001132758,rebalance_exit,172277.17396538056
2018-12-31,FNJN,-0.4253913303843534,-0.4176334051539349,rebalance_exit,132149.1609375
2019-03-29,SNHY,0.9589792277594809,0.9589792277594809,rebalance_exit,20809.709081642955
2019-03-29,EXPR,-0.7665648185115428,-0.7644468907214552,rebalance_exit,9203.118553099357
2019-03-29,INSYQ,-0.7152608651454659,-0.7152608651454659,rebalance_exit,134249.85271863075
2019-03-29,INSY,-0.7152608651454659,-0.7152608651454659,rebalance_exit,134249.85271863075
2019-03-29,DRQ,-0.0698811898420364,-0.06667176200361369,rebalance_exit,197359.3305121586
2019-03-29,ACIA,0.34076069801339437,0.35901528151655215,rebalance_exit,197359.3305121586
2019-03-29,OPTN,-0.5005980887446202,-0.4901646748176065,rebalance_exit,8085.177949218751
2019-03-29,BHVN_old,0.9796623238141953,0.9980590358456407,rebalance_exit,108967.5020936069
2019-03-29,CLCT,0.2284228189331048,0.2284228189331048,rebalance_exit,150164.56260302488
2019-03-29,PBFX,0.06334852366649657,0.06652970342173758,rebalance_exit,122560.11593750001
2019-03-29,ESIO,0.8866632113783139,0.8866632113783139,rebalance_exit,150164.56260302488
2019-03-29,ATRI,0.4730228687483693,0.4740981220850158,rebalance_exit,150164.56260302488
2019-03-29,GCP,0.11487763585890254,0.11487763585890254,rebalance_exit,172277.17396538056
2019-03-29,FRANQ,-0.8212089927128188,-0.8185097125242445,rebalance_exit,172277.17396538056
2019-03-29,TUP,-0.21912152554432207,-0.21723843252892272,rebalance_exit,172277.17396538056
2019-03-29,TUPBQ,-0.21906409201594834,-0.21717042000123377,rebalance_exit,172277.17396538056
2019-03-29,TAXA,-0.1578103874705371,-0.1575247748160885,rebalance_exit,36169.3096875
2019-03-29,FRG,-0.15751882851545507,-0.15751882851545507,rebalance_exit,36171.818652343754
2019-03-29,CVRR,-0.018128985067141334,-0.018128985067141445,rebalance_exit,190864.28422077015
2019-03-29,MLHR,0.16031382056521593,0.16925449152986483,rebalance_exit,190864.28422077015
2019-06-28,PDLI,-0.5103989750325609,-0.5103989750325609,rebalance_exit,132566.77902193533
2019-06-28,UPL,-0.980015854838252,-0.9795437832756766,rebalance_exit,240757.8545491347
2019-06-28,UPLC,-0.980015854838252,-0.9795437832756766,rebalance_exit,240757.8545491347
2019-06-28,BFXXQ,-0.8353521850240926,-0.8351528326420525,rebalance_exit,138845.41059275792
2019-06-28,BFX,-0.8353521850240926,-0.8351528326420525,rebalance_exit,138845.41059275792
2019-06-28,NLS,-0.8353521850240926,-0.8351528326420525,rebalance_exit,138845.41059275792
2019-06-28,ISRL_old,0.14643541908821534,0.14643541908821534,rebalance_exit,5748.790561523438
2019-06-28,IINX,-0.14009660444709404,-0.14009660444709404,rebalance_exit,190864.28422077015
2019-06-28,RTEC,0.19610372406887566,0.21184210900564726,rebalance_exit,151971.34168346904
2019-06-28,NP_old,0.054789807886908015,0.05478980788690779,rebalance_exit,151971.34168346904
2019-06-28,KNL,0.21991783644555296,0.21991783644555296,rebalance_exit,151971.34168346904
2019-06-28,MAMS,0.17524427041405577,0.18872165349817394,rebalance_exit,14522.659995117188
2019-06-28,TTNP,-0.30118007085825793,-0.28117394358884307,rebalance_exit,135.55255004882812
2019-09-30,AKRX,-0.7100917731326718,-0.7100917731326717,rebalance_exit,172277.17396538056
2019-09-30,CBM,0.5688000597047862,0.5689874987360011,rebalance_exit,190864.28422077015
2019-09-30,CTB,-0.1323077196762702,-0.123177378908778,rebalance_exit,151971.34168346904
2019-09-30,GSKY,-0.45889297190903566,-0.45889297190903566,rebalance_exit,112985.75392832827
2019-09-30,EOSSD,0.03448272460139279,0.03448272460139301,rebalance_exit,112985.75392832827
2019-09-30,ACIA,0.37777413535391124,0.37777413535391147,rebalance_exit,112985.75392832827
2019-09-30,FRANQ,1.251297352544582,1.3217021063567742,rebalance_exit,37795.125468750004
2019-09-30,NTRP_old,-0.901871219535296,-0.8990024992330176,rebalance_exit,36435.423007812504
2019-12-31,VIVO_old,-0.42555625960929866,-0.4225904765812555,rebalance_exit,323721.97875
2019-12-31,PME,-0.28499464692053855,-0.2794969855031898,rebalance_exit,35314.276445312506
2019-12-31,ENZ,-0.6244589872744255,-0.6244589872744255,rebalance_exit,140283.34
2019-12-31,VGR,-0.09299491076582334,-0.09201876020176247,rebalance_exit,108967.5020936069
2019-12-31,AKRXQ,-0.8865967252400421,-0.8855625405900538,rebalance_exit,172277.17396538056
2019-12-31,AMEH,-0.000767540287665458,0.004912672166327514,rebalance_exit,56854.464453125
2019-12-31,LTDH,-0.12234043598768674,-0.12234043598768674,rebalance_exit,112985.75392832827
2019-12-31,GCP,0.003091859395377261,0.003091859395377261,rebalance_exit,112985.75392832827
2019-12-31,DCACD,-0.8091857354296773,-0.8091857354296773,rebalance_exit,211220.38854322635
2019-12-31,CSWI,0.11487527460761449,0.11683376416370428,rebalance_exit,211220.38854322635
2020-03-31,RCM,0.3036279435991034,0.32507288275095836,rebalance_exit,135755.13339889923
2020-03-31,CERC,-0.4612117107793555,-0.44205700952580174,rebalance_exit,39643.129296875006
2020-03-31,PTNT_old2,-0.5893069745959578,-0.5772952402561573,rebalance_exit,78.68677017211915
2020-03-31,STMP,0.5932558270381914,0.5932558270381914,rebalance_exit,151971.34168346904
2020-03-31,HEAR,-0.458114032091128,-0.4581140320911279,rebalance_exit,151971.34168346904
2020-03-31,PBFX,-0.6554713256281477,-0.6554713256281477,rebalance_exit,112985.75392832827
2020-03-31,TUP,-0.9148126364458611,-0.9134157492633912,rebalance_exit,112985.75392832827
2020-03-31,TUPBQ,-0.9148126364458611,-0.9134157492633912,rebalance_exit,112985.75392832827
2020-03-31,FLCXD,-0.7599959768694033,-0.7599959768694033,rebalance_exit,211220.38854322635
2020-03-31,RYESF,0.1651802768057824,0.1651802768057824,rebalance_exit,189883.03495257653
2020-03-31,HALC,-0.6713613003770353,-0.6524163377671981,rebalance_exit,189883.03495257653
2020-03-31,RYESD,0.26972796169800795,0.2697279616980077,rebalance_exit,189883.03495257653
2020-03-31,TLDN,-0.9500000000000001,-0.949999988079071,rebalance_exit,189883.03495257653
2020-06-30,AOBC,1.1480931900154379,1.1480931900154379,rebalance_exit,132566.77902193533
2020-06-30,HIBB,0.004054582138914631,0.016678306620071526,rebalance_exit,138845.41059275792
2020-06-30,AMWD,-0.24264216984919262,-0.23402935723803786,rebalance_exit,108967.5020936069
2020-06-30,OMP,0.8097064785217829,0.8406134128411347,rebalance_exit,97163.45351636788
2020-06-30,XEC,0.639539519106122,0.6490559971345351,rebalance_exit,97163.45351636788
2020-06-30,ARCH,-0.060006155895652835,-0.060006155895652724,rebalance_exit,97163.45351636788
2020-06-30,VIVO_old,1.7726192825235314,1.7726192825235314,rebalance_exit,97163.45351636788
2020-09-30,REGI,1.4313302023600194,1.4313302023600194,rebalance_exit,151971.34168346904
2020-09-30,IINX,-0.9742268044998433,-0.9742268044998433,rebalance_exit,356.09650146484375
2020-09-30,GSB,0.32986358022189677,0.32986358022189677,rebalance_exit,74979.5053125
2020-09-30,GTXOD,-0.5136743356329438,-0.4947262319756037,rebalance_exit,1249.5003717041018
2020-09-30,NMTR,0.4077203645316787,0.42266484285987893,rebalance_exit,34206.116640625
2020-09-30,EOSSD,0.0,0.0,rebalance_exit,122486.76642904663
2020-12-31,BSTC,3.0619569948783303,3.0619569948783303,rebalance_exit,83804.15132812501
2020-12-31,LTHM,0.49798985630133163,0.5171534413362937,rebalance_exit,151971.34168346904
2020-12-31,UPL,-0.015624985448084328,-0.015624985448084439,rebalance_exit,189883.03495257653
2020-12-31,TRWH,1.016974544599381,1.016974544599381,rebalance_exit,97163.45351636788
2020-12-31,PDLI,-0.12323892683980076,-0.12323892683980064,rebalance_exit,97163.45351636788
2020-12-31,CNMF,-0.6007891383599142,-0.6007891383599142,rebalance_exit,194788.6266450347
2020-12-31,INNT,-0.10510603477658775,-0.10510603477658775,rebalance_exit,194788.6266450347
2021-03-31,EGOV,2.384277031024143,2.384277031024143,rebalance_exit,20809.709081642955
2021-03-31,BIG,0.7244512070156257,0.7471966487688071,rebalance_exit,108967.5020936069
2021-03-31,WETF,-0.10136734190956187,-0.10136734190956176,rebalance_exit,151971.34168346904
2021-03-31,MIK,0.9199971892327108,0.9211909271000334,rebalance_exit,151971.34168346904
2021-03-31,CLCT,3.464216094040925,3.464216094040925,rebalance_exit,112985.75392832827
2021-03-31,AVDL,2.0836597584412813,2.0836597584412817,rebalance_exit,112985.75392832827
2021-03-31,NBLX,-0.30575683974435053,-0.30575683974435064,rebalance_exit,211220.38854322635
2021-03-31,ISEE,-0.2797202933226568,-0.2797202933226569,rebalance_exit,189883.03495257653
2021-03-31,CSWI,1.0838665648355605,1.095724356650381,rebalance_exit,97163.45351636788
2021-03-31,ROCC,0.03318230064120886,0.03698973436705422,rebalance_exit,122486.76642904663
2021-03-31,PVAC,0.3810468674480154,0.40218159981236634,rebalance_exit,122486.76642904663
2021-03-31,GMGID,-0.018107097542595207,-0.018107097542595207,rebalance_exit,38805.209804687496
2021-03-31,PME,-0.34528579825897565,-0.3446696263967244,rebalance_exit,29747.22783203125
2021-03-31,SWN,0.5214426857572156,0.5341251729627576,rebalance_exit,180340.8815472202
2021-03-31,ULNV,0.34666665395100904,0.34666669368743896,rebalance_exit,180340.8815472202
2021-03-31,RTLR,0.11214522603768984,0.11883002579787516,rebalance_exit,180340.8815472202
2021-06-30,RAVN,0.7000959201902537,0.7073530749488497,rebalance_exit,108967.5020936069
2021-06-30,AMEH,3.71894223395491,3.806385611428661,rebalance_exit,97163.45351636788
2021-06-30,PTNT_old2,0.1569263523429476,0.18174529559738062,rebalance_exit,212.34518035888675
2021-06-30,GCEHD,-0.17068740667011884,-0.17068740667011884,rebalance_exit,129169.44854054978
2021-06-30,GORV,0.23526111749741907,0.23526111749741907,rebalance_exit,10842.64970703125
2021-06-30,HIBB,0.292444194881756,0.2924441948817562,rebalance_exit,129169.44854054978
2021-06-30,EOSSD,2.049999952316284,2.049999952316284,rebalance_exit,129169.44854054978
2021-06-30,GCEH,-0.16979030501441905,-0.16761018283717466,rebalance_exit,129169.44854054978
2021-06-30,RVI_old,0.15660613126916378,0.156606131269164,rebalance_exit,129169.44854054978
2021-06-30,AIXN,0.11475414705673814,0.11475419998168945,rebalance_exit,129169.44854054978
2021-06-30,GCP,-0.059010265776246795,-0.057081705417910134,rebalance_exit,129169.44854054978
2021-06-30,CRCQW,0.6774054025235037,0.6879119873046875,rebalance_exit,129169.44854054978
2021-06-30,LAZY,0.2352611263167106,0.2352611263167106,rebalance_exit,129169.44854054978
2021-06-30,MMMB,-0.16894736096780116,-0.16697204822437195,rebalance_exit,15046.82486328125
2021-06-30,PAE,-0.01980571976809986,-0.013303861767558045,rebalance_exit,129169.44854054978
2021-06-30,CHUCD,-0.6826109330176973,-0.6701343084953691,rebalance_exit,14449.465234375
2021-06-30,AIXND,0.11475414705673814,0.11475419998168945,rebalance_exit,129169.44854054978
2021-06-30,PGTI,-0.0836741567014534,-0.08000001812925428,rebalance_exit,129169.44854054978
2021-06-30,PAEWW,-0.09836065733954968,-0.09836065733954968,rebalance_exit,129169.44854054978
2021-09-30,SGH,0.4618400288965565,0.4740469735130022,rebalance_exit,190864.28422077015
2021-09-30,GDYNW,1.2801664550301637,1.2801664550301632,rebalance_exit,129169.44854054978
2021-09-30,OBCI,-0.2192002009464853,-0.21704239831224315,rebalance_exit,32443.920468750002
2021-09-30,GEIND,-0.6154742074947156,-0.6154742074947156,rebalance_exit,129169.44854054978
2021-09-30,GEIN,-0.9396294509102974,-0.9396294509102974,rebalance_exit,129169.44854054978
2021-09-30,ROCC,-0.04501303781445887,-0.045013037814458756,rebalance_exit,54496.70849609375
2021-09-30,SCTL,-0.14484805350877028,-0.1362407975787132,rebalance_exit,175025.27718750003
2021-09-30,CATN,0.0,0.0,rebalance_exit,266039.8652048178
2021-09-30,CSWI,0.07493009053761956,0.07748442513567566,rebalance_exit,266039.8652048178
2021-09-30,REPH,-0.14479367177411961,-0.13618586848226333,rebalance_exit,203897.87093750003
2021-12-31,GTXOD,-0.14027670893168454,-0.09064014657324848,rebalance_exit,2952.9595147705077
2021-12-31,ELVT,-0.2802960792952931,-0.2702901036629136,rebalance_exit,97051.63671875
2021-12-31,ARCH_old,-0.37785297914571103,-0.3741044852832356,rebalance_exit,180340.8815472202
2021-12-31,SHYF,0.3170303862955144,0.3229567009096217,rebalance_exit,129169.44854054978
2021-12-31,BDSI,-0.21432804445870024,-0.2071611671144078,rebalance_exit,129169.44854054978
2021-12-31,PVAC,0.06305853693581298,0.06305853693581298,rebalance_exit,266039.8652048178
2021-12-31,MOXC,-0.8753660194604372,-0.8748551291498453,rebalance_exit,266039.8652048178
2021-12-31,ASLEW,1.2180063315779424,1.2180063315779424,rebalance_exit,12116.984448242189
2021-12-31,RTLR,-0.015059113405812674,-0.009307397559762398,rebalance_exit,265363.52229985956
2021-12-31,HIBB,0.011309105950263687,0.02024057712147509,rebalance_exit,265363.52229985956
2021-12-31,CEI,-0.7907609329233855,-0.7907609329233855,rebalance_exit,265363.52229985956
2021-12-31,PAE,0.6590677518806287,0.6595449346651545,rebalance_exit,265363.52229985956
2022-03-31,CCF,0.07487796811811731,0.07870303166554238,rebalance_exit,221137.21171862725
2022-03-31,GHL,-0.1185076347845514,-0.1185076347845514,rebalance_exit,108967.5020936069
2022-03-31,ZYXIQ,0.8669368962321351,0.9019416600880044,rebalance_exit,13925.885908203125
2022-03-31,CASA,-0.46632756579923684,-0.46390191661144753,rebalance_exit,151971.34168346904
2022-03-31,INS,0.20213591301706257,0.20213591301706257,rebalance_exit,151971.34168346904
2022-03-31,CASSQ,-0.4669705593374649,-0.46454783268539923,rebalance_exit,151971.34168346904
2022-03-31,ZYXI,0.6610157319737904,0.6921595074147124,rebalance_exit,17401.514921875
2022-03-31,ATRI,-0.1399459917645951,-0.1399459917645951,rebalance_exit,112985.75392832827
2022-03-31,JNCE,0.38723783697168757,0.38723783697168734,rebalance_exit,97163.45351636788
2022-03-31,TUP,3.094737002724095,3.094737002724095,rebalance_exit,122486.76642904663
2022-03-31,TUPBQ,3.094737002724095,3.094737002724095,rebalance_exit,122486.76642904663
2022-03-31,ARCH,1.9057301015490897,1.9122386193994396,rebalance_exit,180340.8815472202
2022-03-31,MKTY,0.40295857421938375,0.40295857421938375,rebalance_exit,114360.33109375002
2022-03-31,OMP,0.04973027189169521,0.04973027189169499,rebalance_exit,266039.8652048178
2022-03-31,BFI,-0.5861609877166271,-0.5838199324134314,rebalance_exit,251333.33656250002
2022-03-31,BFICQ,-0.5861541330940214,-0.5838233264255006,rebalance_exit,251295.09875
2022-03-31,CNCG_old,-0.5328755661973394,-0.5302777744998568,rebalance_exit,265363.52229985956
2022-03-31,SMED,-0.30651289710536733,-0.29304270195174065,rebalance_exit,114309.1075
2022-03-31,OPNT,-0.19145356550426285,-0.17613058154592454,rebalance_exit,169900.68226562502
2022-03-31,IRBTQ,-0.03764413829586788,-0.03764413829586788,rebalance_exit,464838.6277795122
2022-06-30,FOE,0.591280246217162,0.591280246217162,rebalance_exit,83497.2810725276
2022-06-30,TVTY,0.11607581056604088,0.1160758105660411,rebalance_exit,160419.4352518704
2022-06-30,BFXXQ,-0.8881074193360147,-0.8881074193360147,rebalance_exit,129169.44854054978
2022-06-30,SURF,-0.7897435967190181,-0.7897435967190181,rebalance_exit,129169.44854054978
2022-06-30,BFX,-0.8881074193360147,-0.8881074193360147,rebalance_exit,129169.44854054978
2022-06-30,NLS,-0.8881074193360147,-0.8881074193360147,rebalance_exit,129169.44854054978
2022-06-30,AUVPQ,0.03823266238023404,0.03823266238023404,rebalance_exit,14771.091455078125
2022-06-30,GNOG,-0.42634809092807013,-0.42634809092807,rebalance_exit,464838.6277795122
2022-06-30,LCA,0.005133191080951116,0.006166538791317233,rebalance_exit,464838.6277795122
2022-06-30,GTXOD,-0.24985103944442288,-0.20937281886994596,rebalance_exit,419.9648402404785
2022-06-30,CMPOW,-0.5290243488845767,-0.5290243488845768,rebalance_exit,8045.271081542969
2022-06-30,CMPO,-0.32249876808916045,-0.3211904329775349,rebalance_exit,159640.30867268928
2022-06-30,MAPSW,-0.7063997428143549,-0.7063997428143549,rebalance_exit,9599.928848266602
2022-06-30,SCTL,-0.5755719923278392,-0.5628279998532112,rebalance_exit,20122.907304687502
2022-06-30,LCAHU,-0.009109327079495189,-0.009109327079495078,rebalance_exit,159640.30867268928
2022-06-30,TCNWF,-0.9500434416525604,-0.9500434416525604,rebalance_exit,159640.30867268928
2022-06-30,LJPC,-0.259671111754431,-0.259671111754431,rebalance_exit,26447.283203125
2022-06-30,REPH,-0.5655775066082402,-0.5655775066082402,rebalance_exit,21059.5645703125
2022-06-30,HBP,0.0021636183755249228,0.0021636183755249228,rebalance_exit,159640.30867268928
2022-09-30,GMGI,-0.48874522048447744,-0.4805928546855257,rebalance_exit,3233.47765625
2022-09-30,ROCC,0.16708494571329546,0.17087930488844583,rebalance_exit,464838.6277795122
2022-09-30,WLLAW,0.017511429805550982,0.04878048780487809,rebalance_exit,31236.245859375005
2022-09-30,OASPW,0.05456410702345882,0.054853679807624456,rebalance_exit,58569.90132812501
2022-09-30,SAGE,0.17684703794466627,0.18288425203029246,rebalance_exit,159640.30867268928
2022-09-30,WLLBW,0.3980709293221758,0.3980709293221758,rebalance_exit,11755.7069140625
2022-09-30,OBCI,0.011645933012228493,0.011645933012228493,rebalance_exit,91929.97568359376
2022-09-30,TUP,-0.0054043649404622585,0.012623226509295593,rebalance_exit,242894.3904180133
2022-09-30,TUPBQ,-0.00516514459361983,0.01286678285614351,rebalance_exit,242894.3904180133
2022-12-30,CVGW,-0.4781744297421344,-0.4771358967762883,rebalance_exit,221137.21171862725
2022-12-30,PBFX,1.523665040509257,1.523665040509257,rebalance_exit,122486.76642904663
2022-12-30,CEI,-0.9522740710096983,-0.9522740710096983,rebalance_exit,159640.30867268928
2022-12-30,MN,0.40827035424801017,0.40827035424801017,rebalance_exit,19290.31345214844
2022-12-30,KRAT,-0.1397397181366854,-0.13608271666673122,rebalance_exit,242894.3904180133
2022-12-30,CCF,0.11844227662236007,0.12069782930216566,rebalance_exit,224801.02687499998
2022-12-30,ATRI,-0.10386392052123428,-0.10386392052123439,rebalance_exit,242894.3904180133
2022-12-30,CYBE,0.0034141095592976622,0.00341410955929744,rebalance_exit,854864.113819233
2023-03-31,VIVO_old,0.8103973489441858,0.8103973489441858,rebalance_exit,180340.8815472202
2023-03-31,LPI,1.4348305554294063,1.4348305554294063,rebalance_exit,180340.8815472202
2023-03-31,CSWI,0.15549869833427388,0.1576814222118963,rebalance_exit,402341.103125
2023-03-31,LSEA,-0.30289436206791387,-0.2970714998563273,rebalance_exit,150797.37
2023-03-31,HCCI,0.31813398158581885,0.3181339815858186,rebalance_exit,242894.3904180133
2023-03-31,RYI,0.7265220109951305,0.7344644375797045,rebalance_exit,242894.3904180133
2023-03-31,RFP,0.7097868228030446,0.7097868228030446,rebalance_exit,242894.3904180133
2023-03-31,ZEUS,1.2876040164464335,1.292748847733169,rebalance_exit,179172.674375
2023-03-31,REGX,0.08333333333333326,0.08333337306976318,rebalance_exit,668550.5780207531
2023-03-31,SCTL,-0.20134224858800986,-0.20134224858800998,rebalance_exit,32237.28439453125
2023-03-31,VZIO,0.22035359179787384,0.23052373080004274,rebalance_exit,332030.21125
2023-06-30,HLTH,-0.9441716951185599,-0.9434019126634686,rebalance_exit,159640.30867268928
2023-06-30,PTSI,-0.04061810637390628,-0.028882192582613153,rebalance_exit,121938.591875
2023-06-30,TMNA,-0.9190083041785775,-0.9175199496192485,rebalance_exit,1898.6800994873047
2023-06-30,NEX,0.11713406315347741,0.11745621754307245,rebalance_exit,712886.8063442712
2023-06-30,ESTE,0.0914883626341223,0.0914883626341223,rebalance_exit,712886.8063442712
2023-09-29,GORV,-0.6277614519120749,-0.6258249109644747,rebalance_exit,18445.0210546875
2023-09-29,SHYF,-0.5800258014508105,-0.5800258014508105,rebalance_exit,159640.30867268928
2023-09-29,LAZY,-0.627761447200976,-0.6258249062288668,rebalance_exit,159640.30867268928
2023-09-29,ZYXIQ,-0.005557795771382157,-0.0013909218632623954,rebalance_exit,242894.3904180133
2023-09-29,ZYXI,-0.005559346757187833,-0.0013924793479497266,rebalance_exit,242894.3904180133
2023-09-29,HPKEW,-0.338524146923354,-0.3377149563972045,rebalance_exit,712886.8063442712
2023-09-29,REGX,0.026666641235351785,0.026666641235351562,rebalance_exit,1033910.0352506712
2023-12-29,BIG,-0.8078041421730335,-0.805136492127792,rebalance_exit,265363.52229985956
2023-12-29,EGLE_old,-0.08121515367743248,-0.07618153457687649,rebalance_exit,159640.30867268928
2023-12-29,CRCQW,1.2799999012666587,1.2799999012666592,rebalance_exit,712886.8063442712
2023-12-29,THWWW,-0.887434551134264,-0.887434551134264,rebalance_exit,4444.839395141602
2023-12-29,PNT,0.7046150843305659,0.7046150843305659,rebalance_exit,479565.4
2023-12-29,VSCO,0.5226621027451375,0.5226621027451375,rebalance_exit,1033910.0352506712
2023-12-29,TMNA,-0.31863722457954047,-0.31863722457954047,rebalance_exit,716487.2922996233
2024-03-28,GPP,0.5491097579372552,0.5491097579372552,rebalance_exit,182671.85171875
2024-03-28,CCRD,-0.6589179435798458,-0.6576391152234949,rebalance_exit,151971.34168346904
2024-03-28,HEAR,0.14802744321557815,0.16361254829743133,rebalance_exit,122486.76642904663
2024-03-28,ATRI,-0.2465651406082725,-0.2456381907892603,rebalance_exit,260347.25343749998
2024-03-28,RYI,-0.21930643179606168,-0.21930643179606168,rebalance_exit,1033910.0352506712
2024-03-28,GMGI,-0.05026082273231958,-0.04160575893524565,rebalance_exit,995.0308099365235
2024-03-28,SAGE,-0.10552461415750003,-0.09813403871290216,rebalance_exit,716487.2922996233
2024-03-28,WSCO,-0.631428584565922,-0.631428599357605,rebalance_exit,1807531.8005087527
2024-03-28,WSCOD,0.25714287173991335,0.25714290142059326,rebalance_exit,1807531.8005087527
2024-03-28,ARCH_old,0.12708171324403938,0.13307940673681062,rebalance_exit,1807531.8005087527
2024-06-28,VSTO,0.3455289877847316,0.34946243873326077,rebalance_exit,242894.3904180133
2024-06-28,LGTO,-0.1458819281211653,-0.1458819281211653,rebalance_exit,14192.75990234375
2024-06-28,ZYXIQ,-0.2537495548438995,-0.2537495548438995,rebalance_exit,260607.1025
2024-06-28,EGLE_old,0.002080954872382579,0.002080954872382579,rebalance_exit,887043.10049733
2024-06-28,BIG,-0.6081896002740164,-0.6004618823196708,rebalance_exit,663946.2125
2024-09-30,CPRX,4.037077390514223,4.060509066725381,rebalance_exit,97163.45351636788
2024-09-30,VGR,1.9646399376063268,1.966093571651788,rebalance_exit,97163.45351636788
2024-09-30,SBOW,0.15062499046325684,0.15062499046325684,rebalance_exit,159640.30867268928
2024-09-30,HIBB,1.0468417072755631,1.0468417072755631,rebalance_exit,159640.30867268928
2024-09-30,VSCO,0.30975651621157074,0.3261094879182056,rebalance_exit,887043.10049733
2024-12-31,DHIL,2.6723987240688,2.672398724068799,rebalance_exit,20809.709081642955
2024-12-31,DENN,-0.47341445957671113,-0.46929821112442727,rebalance_exit,126131.75800245692
2024-12-31,CRCQW,-0.12474430947493009,-0.12474430947493009,rebalance_exit,18491.46642578125
2024-12-31,RYI,-0.03744066603382956,-0.03744066603382956,rebalance_exit,810254.71125
2024-12-31,LGTO,-0.1509015103806094,-0.13082983051402508,rebalance_exit,17524.646660156253
