date,ticker
2010-01-04,AACC
2010-01-04,AACC
2010-01-04,AAIC
2010-01-04,AAIC
2010-01-04,AAU
2010-01-04,AAU
2010-01-04,AAU
2010-01-04,AAU
2010-01-04,AAU
2010-01-04,AAU
2010-01-04,AAU
2010-01-04,AAU
2010-01-04,AAU
2010-01-04,AAU
2010-01-04,AAU
2010-01-04,AAU
2010-01-04,AAU
2010-01-04,AAU
2010-01-04,AAU
2010-01-04,AAU
2010-01-04,ABCD
2010-01-04,ABCD
2010-01-04,AAWW
2010-01-04,AAWW
2010-01-04,AAWW
2010-01-04,ABVT
2010-01-04,ABVT
2010-01-04,ABVT
2010-01-04,ABVT
2010-01-04,ABVT
2010-01-04,ABVT
2010-01-04,ABMD
2010-01-04,ABMD
2010-01-04,ABMD
2010-01-04,ACCL_old
2010-01-04,ACCL_old
2010-01-04,ACFND
2010-01-04,ACHN_old
2010-01-04,ACHN_old
2010-01-04,ACHN_old
2010-01-04,ACI_old
2010-01-04,ACI_old
2010-01-04,ACI_old
2010-01-04,ACI_old
2010-01-04,ACIIQ
2010-01-04,ACIIQ
2010-01-04,ACIIQ
2010-01-04,ACIIQ
2010-01-04,ACTA
2010-01-04,ACTA
2010-01-04,ACTA
2010-01-04,ACY
2010-01-04,ACXM
2010-01-04,ACXM
2010-01-04,ACXM
2010-01-04,ACXM
2010-01-04,ACXM
2010-01-04,ADEP
2010-01-04,ADEP
2010-01-04,ADEP
2010-01-04,ADEP
2010-01-04,ADEP
2010-01-04,ADEP
2010-01-04,ADY
2010-01-04,ADY
2010-01-04,ADY
2010-01-04,ADY
2010-01-04,AEC_old
2010-01-04,AEGN
2010-01-04,AEPI
2010-01-04,AEPI
2010-01-04,AEPI
2010-01-04,AEPI
2010-01-04,AERO_old
2010-01-04,AERO_old
2010-01-04,AERO_old
2010-01-04,AFAM
2010-01-04,AFAM
2010-01-04,AEL
2010-01-04,AEL
2010-01-04,AF
2010-01-04,AGP
2010-01-04,AHCI
2010-01-04,AHCI
2010-01-04,AHCI
2010-01-04,AHCI
2010-01-04,AHGP
2010-01-04,AI_old1
2010-01-04,AI_old1
2010-01-04,AIMC
2010-01-04,AIMCV
2010-01-04,AIQ_old
2010-01-04,AIQ_old
2010-01-04,AIQ_old
2010-01-04,AIQ_old
2010-01-04,AIRM
2010-01-04,AIRM
2010-01-04,AJRD
2010-01-04,AJRD
2010-01-04,AJRD
2010-01-04,ALJ
2010-01-04,ALJ
2010-01-04,ALOG
2010-01-04,ALR
2010-01-04,ALTI_old
2010-01-04,ALTI_old
2010-01-04,ALTI_old
2010-01-04,ALTI_old
2010-01-04,ALTE
2010-01-04,ALTE
2010-01-04,ALY
2010-01-04,ALY
2010-01-04,ALY
2010-01-04,ALY
2010-01-04,ALY
2010-01-04,ALY
2010-01-04,ALY
2010-01-04,ALY
2010-01-04,ALY
2010-01-04,ALY
2010-01-04,ALY
2010-01-04,ALY
2010-01-04,ALY
2010-01-04,ALXA
2010-01-04,AMAR
2010-01-04,AMAR
2010-01-04,AMCO
2010-01-04,AMCO
2010-01-04,AMCO
2010-01-04,AMLN
2010-01-04,AMLN
2010-01-04,AMED
2010-01-04,AMED
2010-01-04,AMNL
2010-01-04,AMOT
2010-01-04,AMPLQ
2010-01-04,AMPLQ
2010-01-04,AMPLQ
2010-01-04,AMPLQ
2010-01-04,AMPLQ
2010-01-04,AMPLQ
2010-01-04,AMPLQ
2010-01-04,AMR_old
2010-01-04,AMR_old
2010-01-04,AMSWA
2010-01-04,ANCX
2010-01-04,ANEN
2010-01-04,ANEN
2010-01-04,ANH
2010-01-04,ANH
2010-01-04,ANH
2010-01-04,ANR
2010-01-04,ANRZ
2010-01-04,ANW
2010-01-04,ANWWQ
2010-01-04,AOBC
2010-01-04,AOBC
2010-01-04,AOBC
2010-01-04,AOBC
2010-01-04,APEX
2010-01-04,APEX
2010-01-04,APEX
2010-01-04,APEX
2010-01-04,APFC
2010-01-04,APFC
2010-01-04,AOI
2010-01-04,APL
2010-01-04,APLP
2010-01-04,APPCQ
2010-01-04,APPCQ
2010-01-04,ARBA
2010-01-04,ARBA
2010-01-04,ARC
2010-01-04,ARCW
2010-01-04,ARCW
2010-01-04,ARCW
2010-01-04,ARCW
2010-01-04,ARCH
2010-01-04,ARCH
2010-01-04,ARCH
2010-01-04,ARCH
2010-01-04,ARDM
2010-01-04,ARDM
2010-01-04,ARDM
2010-01-04,ARDM
2010-01-04,ARDM
2010-01-04,ARDM
2010-01-04,ARDM
2010-01-04,ARDMQ
2010-01-04,ARDMQ
2010-01-04,ARDMQ
2010-01-04,ARDMQ
2010-01-04,ARDMQ
2010-01-04,ARDMQ
2010-01-04,ARDMQ
2010-01-04,ARII
2010-01-04,ARIA
2010-01-04,ARQL
2010-01-04,ARTC_old
2010-01-04,ARTC_old
2010-01-04,ARTC_old
2010-01-04,ARTG
2010-01-04,ARTG
2010-01-04,ARTX
2010-01-04,ARTX
2010-01-04,ARTX
2010-01-04,ARTX
2010-01-04,ARTX
2010-01-04,ARTX
2010-01-04,ASFI
2010-01-04,ASFI
2010-01-04,ASFI
2010-01-04,ASI
2010-01-04,ASI
2010-01-04,ASTX_old1
2010-01-04,ASTX_old1
2010-01-04,ASTX_old1
2010-01-04,ATMI
2010-01-04,ATMI
2010-01-04,ATMI
2010-01-04,ATNY
2010-01-04,ATNY
2010-01-04,ATNY
2010-01-04,ATNY
2010-01-04,ATPG
2010-01-04,ATRI
2010-01-04,ATRI
2010-01-04,ATRI
2010-01-04,ATRI
2010-01-04,ATS_old
2010-01-04,ATS_old
2010-01-04,ATS_old
2010-01-04,ATS_old
2010-01-04,ATS_old
2010-01-04,ATS_old
2010-01-04,ATS_old
2010-01-04,ATS_old
2010-01-04,ATSC_old
2010-01-04,ATSC_old
2010-01-04,ATSC_old
2010-01-04,ATSC_old
2010-01-04,ATSC_old
2010-01-04,ATSC_old
2010-01-04,ATSC_old
2010-01-04,ATSC_old
2010-01-04,ATTU
2010-01-04,ATTU
2010-01-04,ATTU
2010-01-04,ATSG
2010-01-04,ATSG
2010-01-04,ATSG
2010-01-04,ATU
2010-01-04,AUTCF
2010-01-04,AUTCF
2010-01-04,AUTCF
2010-01-04,AUTO
2010-01-04,AUTO
2010-01-04,AUXL
2010-01-04,AVNT_old
2010-01-04,AVTA
2010-01-04,AVTA
2010-01-04,AVTA
2010-01-04,AVTA
2010-01-04,AXN
2010-01-04,AXN
2010-01-04,AXN
2010-01-04,AXE
2010-01-04,BARI
2010-01-04,BARI
2010-01-04,BARI
2010-01-04,BASI
2010-01-04,BASI
2010-01-04,B_old
2010-01-04,B_old
2010-01-04,B_old
2010-01-04,BBBB
2010-01-04,BBLUQ
2010-01-04,BBLUQ
2010-01-04,BBLUQ
2010-01-04,BBNK
2010-01-04,BBOX
2010-01-04,BBQ
2010-01-04,BBQ
2010-01-04,BCAR_old
2010-01-04,BCSI
2010-01-04,BCSI
2010-01-04,BCSI
2010-01-04,BCSI
2010-01-04,BCOM
2010-01-04,BHLB
2010-01-04,BIOC1
2010-01-04,BIOC1
2010-01-04,BIOC1
2010-01-04,BIOC1
2010-01-04,BIOC1
2010-01-04,BIRT
2010-01-04,BKMU
2010-01-04,BKS
2010-01-04,BKS
2010-01-04,BKS
2010-01-04,BKS
2010-01-04,BKS
2010-01-04,BKS
2010-01-04,BLT
2010-01-04,BLT
2010-01-04,BLUD
2010-01-04,BLUD
2010-01-04,BLUD
2010-01-04,BMTI
2010-01-04,BMTI
2010-01-04,BNE_old
2010-01-04,BMTC
2010-01-04,BMTC
2010-01-04,BMTC
2010-01-04,BMTC
2010-01-04,BNHN
2010-01-04,BNHN
2010-01-04,BNHN
2010-01-04,BNHN
2010-01-04,BOBS_old
2010-01-04,BOBS_old
2010-01-04,BONT
2010-01-04,BONT
2010-01-04,BONT
2010-01-04,BOFI
2010-01-04,BOFI
2010-01-04,BOOT1
2010-01-04,BOOT1
2010-01-04,BOOT1
2010-01-04,BOOT1
2010-01-04,BPFH
2010-01-04,BPFH
2010-01-04,BPFH
2010-01-04,BPFH
2010-01-04,BPFH
2010-01-04,BPL
2010-01-04,BPZ
2010-01-04,BPZ
2010-01-04,BPZ
2010-01-04,BPZ
2010-01-04,BPZ
2010-01-04,BPZ
2010-01-04,BPZRQ
2010-01-04,BPZRQ
2010-01-04,BPZRQ
2010-01-04,BPZRQ
2010-01-04,BPZRQ
2010-01-04,BPZRQ
2010-01-04,BRCD
2010-01-04,BRLI_old
2010-01-04,BRKL_old
2010-01-04,BSF
2010-01-04,BSTC
2010-01-04,BTH
2010-01-04,BTUI
2010-01-04,BTUI
2010-01-04,BVSN
2010-01-04,BVSN
2010-01-04,BVSN
2010-01-04,BTU_old
2010-01-04,BTUUQ
2010-01-04,BWINA
2010-01-04,BWINB
2010-01-04,BXG_old
2010-01-04,BXG_old
2010-01-04,BXG_old
2010-01-04,CAB
2010-01-04,CACB
2010-01-04,BYON
2010-01-04,CADX
2010-01-04,CALL
2010-01-04,CALP
2010-01-04,CALP
2010-01-04,CALP
2010-01-04,CASC1
2010-01-04,CASC1
2010-01-04,CASC1
2010-01-04,CASC1
2010-01-04,CASC1
2010-01-04,CASC1
2010-01-04,CBEH
2010-01-04,CBEH
2010-01-04,CBEH
2010-01-04,CBEH
2010-01-04,CBEH
2010-01-04,CBEH
2010-01-04,CBB
2010-01-04,CBB
2010-01-04,CBB
2010-01-04,CBB
2010-01-04,CBKN
2010-01-04,CBIO_old
2010-01-04,CBLAQ
2010-01-04,CBLAQ
2010-01-04,CBLAQ
2010-01-04,CBLAQ
2010-01-04,CBL_old
2010-01-04,CBL_old
2010-01-04,CBL_old
2010-01-04,CBL_old
2010-01-04,CBMG
2010-01-04,CBMG
2010-01-04,CBNJ
2010-01-04,CBPO
2010-01-04,CBPO
2010-01-04,CCIX_old
2010-01-04,CDR
2010-01-04,CDR
2010-01-04,CDXC
2010-01-04,CEC
2010-01-04,CEC
2010-01-04,CEDCQ
2010-01-04,CEDCQ
2010-01-04,CECO_old
2010-01-04,CECO_old
2010-01-04,CECO_old
2010-01-04,CECO_old
2010-01-04,CECO_old
2010-01-04,CETC
2010-01-04,CERN
2010-01-04,CERN
2010-01-04,CETV
2010-01-04,CETV
2010-01-04,CETV
2010-01-04,CFSG
2010-01-04,CFSG
2010-01-04,CFSG
2010-01-04,CGA
2010-01-04,CGA
2010-01-04,CGFI
2010-01-04,CGFI
2010-01-04,CGG
2010-01-04,CGG
2010-01-04,CGG
2010-01-04,CGG
2010-01-04,CGG
2010-01-04,CGI
2010-01-04,CGI
2010-01-04,CGI
2010-01-04,CGIPQ
2010-01-04,CGIPQ
2010-01-04,CGIPQ
2010-01-04,CHBT
2010-01-04,CHBT
2010-01-04,CHG
2010-01-04,CHKE
2010-01-04,CHKE
2010-01-04,CHKE
2010-01-04,CHKE
2010-01-04,CHKGQ
2010-01-04,CHKGQ
2010-01-04,CHKGQ
2010-01-04,CHKGQ
2010-01-04,CHKGQ
2010-01-04,CHKGQ
2010-01-04,CHKGQ
2010-01-04,CHKGQ
2010-01-04,CHKGQ
2010-01-04,CHKGQ
2010-01-04,CHKGQ
2010-01-04,CHKGQ
2010-01-04,CHMD
2010-01-04,CHMD
2010-01-04,CHMD
2010-01-04,CHMD
2010-01-04,CHMD
2010-01-04,CHMD
2010-01-04,CHMT_old
2010-01-04,CHOP
2010-01-04,CHP
2010-01-04,CHP
2010-01-04,CHRS1
2010-01-04,CHRS1
2010-01-04,CHSI
2010-01-04,CHSI
2010-01-04,CHSI
2010-01-04,CHSI
2010-01-04,CHSI
2010-01-04,CHTP
2010-01-04,CHTP
2010-01-04,CHTP
2010-01-04,CHS
2010-01-04,CHYR
2010-01-04,CHYR
2010-01-04,CHYR
2010-01-04,CHYR
2010-01-04,CIMT
2010-01-04,CIR
2010-01-04,CIR
2010-01-04,CIR
2010-01-04,CIR
2010-01-04,CIT
2010-01-04,CIT
2010-01-04,CIT
2010-01-04,CKEC
2010-01-04,CKEC
2010-01-04,CKEC
2010-01-04,CKEC
2010-01-04,CKEC
2010-01-04,CKEC
2010-01-04,C-WS-A
2010-01-04,C-WS-A
2010-01-04,C-WS-A
2010-01-04,C-WS-A
2010-01-04,C-WS-A
2010-01-04,C-WS-A
2010-01-04,C-WS-A
2010-01-04,C-WS-A
2010-01-04,C-WS-A
2010-01-04,C-WS-A
2010-01-04,C-WS-A
2010-01-04,C-WS-A
2010-01-04,C-WS-A
2010-01-04,C-WS-A
2010-01-04,C-WS-A
2010-01-04,C-WS-A
2010-01-04,C-WS-A
2010-01-04,C-WS-A
2010-01-04,C-WS-A
2010-01-04,C-WS-A
2010-01-04,C-WS-A
2010-01-04,C-WS-A
2010-01-04,C-WS-A
2010-01-04,C-WS-A
2010-01-04,C-WS-A
2010-01-04,C-WS-A
2010-01-04,C-WS-A
2010-01-04,C-WS-A
2010-01-04,C-WS-A
2010-01-04,C-WS-A
2010-01-04,C-WS-A
2010-01-04,C-WS-A
2010-01-04,C-WS-A
2010-01-04,C-WS-A
2010-01-04,C-WS-A
2010-01-04,C-WS-A
2010-01-04,C-WS-A
2010-01-04,C-WS-A
2010-01-04,C-WS-A
2010-01-04,C-WS-A
2010-01-04,C-WS-A
2010-01-04,CKH
2010-01-04,CKH
2010-01-04,CKH
2010-01-04,CKH
2010-01-04,CKH
2010-01-04,CKH
2010-01-04,CLCT
2010-01-04,CLCT
2010-01-04,CLCT
2010-01-04,CLCT
2010-01-04,CLCT
2010-01-04,CLGX
2010-01-04,CLGX
2010-01-04,CLGX
2010-01-04,CLI
2010-01-04,CLUB_old
2010-01-04,CLUBQ
2010-01-04,CNEP
2010-01-04,CNBC
2010-01-04,CNBC
2010-01-04,CNR_old2
2010-01-04,CNVR
2010-01-04,CNVR
2010-01-04,CNXT1
2010-01-04,CNXT1
2010-01-04,CNYD
2010-01-04,CNYD
2010-01-04,COCO_old
2010-01-04,CONN
2010-01-04,CONN
2010-01-04,CORV
2010-01-04,COSI
2010-01-04,COSI
2010-01-04,CPAH
2010-01-04,CPAH
2010-01-04,CPAH
2010-01-04,CPAH
2010-01-04,CPICQ
2010-01-04,CPICQ
2010-01-04,CPICQ
2010-01-04,CPICQ
2010-01-04,CPICQ
2010-01-04,CPICQ
2010-01-04,CPICQ
2010-01-04,CPLA
2010-01-04,COWN
2010-01-04,CPLP
2010-01-04,CPNO
2010-01-04,CPNO
2010-01-04,CPSL_old
2010-01-04,CPSL_old
2010-01-04,CPTS
2010-01-04,CRDN
2010-01-04,CRDSQ
2010-01-04,CRED1
2010-01-04,CRRS
2010-01-04,CRRS
2010-01-04,CRRS
2010-01-04,CRRS
2010-01-04,CRRS
2010-01-04,CRRSQ
2010-01-04,CRRSQ
2010-01-04,CRRSQ
2010-01-04,CRRSQ
2010-01-04,CRRSQ
2010-01-04,CRTX1
2010-01-04,CRTX1
2010-01-04,CRTX1
2010-01-04,CRTX1
2010-01-04,CRTX1
2010-01-04,CRTX1
2010-01-04,CRTX1
2010-01-04,CRWN
2010-01-04,CRWN
2010-01-04,CRWN
2010-01-04,CRWN
2010-01-04,CSA1
2010-01-04,CSCD
2010-01-04,CRY_old
2010-01-04,CRY_old
2010-01-04,CSE
2010-01-04,CSHZ
2010-01-04,CSHZ
2010-01-04,CSHZ
2010-01-04,CSHZ
2010-01-04,CSKI
2010-01-04,CSKI
2010-01-04,CSS
2010-01-04,CSFL
2010-01-04,CSII
2010-01-04,CTCM
2010-01-04,CTCM
2010-01-04,CSU
2010-01-04,CSU
2010-01-04,CSU
2010-01-04,CSU
2010-01-04,CTFO
2010-01-04,CTFO
2010-01-04,CTFO
2010-01-04,CTRC
2010-01-04,CTRC
2010-01-04,CTRC
2010-01-04,CTRC
2010-01-04,CTRC
2010-01-04,CTRC
2010-01-04,CTRC
2010-01-04,CTRC
2010-01-04,CTRCQ
2010-01-04,CTRCQ
2010-01-04,CTRCQ
2010-01-04,CTRCQ
2010-01-04,CTRCQ
2010-01-04,CTRCQ
2010-01-04,CTRCQ
2010-01-04,CTRCQ
2010-01-04,CTG
2010-01-04,CTG
2010-01-04,CTG
2010-01-04,CTG
2010-01-04,CTRP
2010-01-04,CTRP
2010-01-04,CTV1
2010-01-04,CV_old
2010-01-04,CV_old
2010-01-04,CVA
2010-01-04,CVG
2010-01-04,CVG
2010-01-04,CVO
2010-01-04,CVO
2010-01-04,CVUA
2010-01-04,CVVT
2010-01-04,CVVT
2010-01-04,CXDC
2010-01-04,CXPO
2010-01-04,CXPO
2010-01-04,CXPO
2010-01-04,CXPO
2010-01-04,CXPO
2010-01-04,CXPO
2010-01-04,CXPO
2010-01-04,CXS
2010-01-04,CYBE
2010-01-04,CYBX
2010-01-04,CYBX
2010-01-04,CYMI
2010-01-04,CYRN
2010-01-04,CYRN
2010-01-04,CYRN
2010-01-04,CYRN
2010-01-04,CYRN
2010-01-04,CYRN
2010-01-04,CYTR
2010-01-04,CYTR
2010-01-04,DALN
2010-01-04,DALN
2010-01-04,DAVE_old
2010-01-04,DAVE_old
2010-01-04,DBD_old
2010-01-04,DBD_old
2010-01-04,DBDQQ
2010-01-04,DBDQQ
2010-01-04,DCMYY
2010-01-04,DCMYY
2010-01-04,DCP
2010-01-04,DDIC
2010-01-04,DDIC
2010-01-04,DDIC
2010-01-04,DDIC
2010-01-04,DDIC
2010-01-04,DEST
2010-01-04,DEST
2010-01-04,DESTQ
2010-01-04,DESTQ
2010-01-04,DDR
2010-01-04,DDR
2010-01-04,DDR
2010-01-04,DDR
2010-01-04,DENN
2010-01-04,DENN
2010-01-04,DENN
2010-01-04,DENN
2010-01-04,DENN
2010-01-04,DENN
2010-01-04,DENN
2010-01-04,DGIT
2010-01-04,DGIT
2010-01-04,DGIT
2010-01-04,DGIT
2010-01-04,DGIT
2010-01-04,DGIT
2010-01-04,DGIT
2010-01-04,DGIT
2010-01-04,DGIT
2010-01-04,DGIT
2010-01-04,DGIT
2010-01-04,DHIL
2010-01-04,DMND
2010-01-04,DNR
2010-01-04,DNR
2010-01-04,DOOR
2010-01-04,DPS
2010-01-04,DRJ
2010-01-04,DRL
2010-01-04,DRL
2010-01-04,DRL
2010-01-04,DRL
2010-01-04,DRL
2010-01-04,DRLCQ
2010-01-04,DRLCQ
2010-01-04,DRLCQ
2010-01-04,DRLCQ
2010-01-04,DRLCQ
2010-01-04,DS
2010-01-04,DS
2010-01-04,DSHK
2010-01-04,DSHK
2010-01-04,DSHKP
2010-01-04,DSHKP
2010-01-04,DSOX
2010-01-04,DSOX
2010-01-04,DSOX
2010-01-04,DSOX
2010-01-04,DSOX
2010-01-04,DSOX
2010-01-04,DST
2010-01-04,DST
2010-01-04,DST
2010-01-04,DST
2010-01-04,DST
2010-01-04,DST
2010-01-04,DST
2010-01-04,DST
2010-01-04,DST
2010-01-04,DST
2010-01-04,DST
2010-01-04,DST
2010-01-04,DUSA1
2010-01-04,DUSA1
2010-01-04,DUSA1
2010-01-04,DVCR
2010-01-04,DVCR
2010-01-04,DWCH
2010-01-04,DWCH
2010-01-04,DWCH
2010-01-04,DWCH
2010-01-04,DWCH
2010-01-04,DWOG
2010-01-04,DWOG
2010-01-04,DWOG
2010-01-04,DWOG
2010-01-04,DWOG
2010-01-04,DWOG
2010-01-04,DWOG
2010-01-04,DWOG
2010-01-04,DVAX
2010-01-04,DVAX
2010-01-04,DYAX
2010-01-04,DYAX
2010-01-04,DYN_old
2010-01-04,EBIXQ
2010-01-04,EBIX
2010-01-04,EBTX
2010-01-04,ECTE
2010-01-04,ECTE
2010-01-04,ECTE
2010-01-04,ECTE
2010-01-04,ECTE
2010-01-04,ECTE
2010-01-04,EF
2010-01-04,EF
2010-01-04,EF
2010-01-04,EF
2010-01-04,EFII
2010-01-04,EGAS
2010-01-04,EGAS
2010-01-04,EGAS
2010-01-04,EGAS
2010-01-04,EGAS
2010-01-04,EGI
2010-01-04,EGOV
2010-01-04,EGOV
2010-01-04,EGT
2010-01-04,EGT
2010-01-04,EGT
2010-01-04,EGT
2010-01-04,EGT
2010-01-04,EGT
2010-01-04,EGT
2010-01-04,EGT
2010-01-04,EGT
2010-01-04,EGT
2010-01-04,EGT
2010-01-04,EIHI
2010-01-04,EIHI
2010-01-04,EJ
2010-01-04,EK
2010-01-04,EK
2010-01-04,EK
2010-01-04,EK
2010-01-04,EK
2010-01-04,EKDKQ
2010-01-04,EKDKQ
2010-01-04,EKDKQ
2010-01-04,EKDKQ
2010-01-04,EKDKQ
2010-01-04,EMPR
2010-01-04,EMPR
2010-01-04,EMPR
2010-01-04,EMKR
2010-01-04,EMKR
2010-01-04,EMKR
2010-01-04,EMKR
2010-01-04,EMKR
2010-01-04,EMKR
2010-01-04,EMKR
2010-01-04,EMKR
2010-01-04,EMKR
2010-01-04,END
2010-01-04,END
2010-01-04,END
2010-01-04,END
2010-01-04,END
2010-01-04,ENG
2010-01-04,ENGC
2010-01-04,ENGCQ
2010-01-04,ENVE
2010-01-04,EOXLQ
2010-01-04,EOXLQ
2010-01-04,EOXLQ
2010-01-04,EOXLQ
2010-01-04,EPAX
2010-01-04,EPAX
2010-01-04,EPHC
2010-01-04,EPHC
2010-01-04,EPHC
2010-01-04,EPHC
2010-01-04,EPHC
2010-01-04,EPHC
2010-01-04,EPHC
2010-01-04,EPIQ
2010-01-04,EPIQ
2010-01-04,EPIQ
2010-01-04,EPL
2010-01-04,EPL
2010-01-04,EPL
2010-01-04,EPL
2010-01-04,EPL
2010-01-04,EPRS
2010-01-04,EPRSQ
2010-01-04,EPAY
2010-01-04,EPAY
2010-01-04,EPWCF
2010-01-04,EPWCF
2010-01-04,EPWCF
2010-01-04,EQC
2010-01-04,EQC
2010-01-04,EQC
2010-01-04,EQC
2010-01-04,ERBA
2010-01-04,ERBA
2010-01-04,ERBA
2010-01-04,ERBA
2010-01-04,ES_old
2010-01-04,ESCU
2010-01-04,ESCU
2010-01-04,ESCU
2010-01-04,ESI1
2010-01-04,ESIC
2010-01-04,ESIC
2010-01-04,ESIC
2010-01-04,ESIC
2010-01-04,ESIC
2010-01-04,ESIC
2010-01-04,ESIC
2010-01-04,ESIO
2010-01-04,ESIO
2010-01-04,ESGR
2010-01-04,ESSX
2010-01-04,ESSX
2010-01-04,ESSX
2010-01-04,ESND
2010-01-04,ESND
2010-01-04,ESND
2010-01-04,ESND
2010-01-04,ESND
2010-01-04,ESND
2010-01-04,ESND
2010-01-04,ESND
2010-01-04,ESTE
2010-01-04,EVEP
2010-01-04,EVEP
2010-01-04,EVEPQ
2010-01-04,EVEPQ
2010-01-04,EVLV_old
2010-01-04,EVRI
2010-01-04,EVRI
2010-01-04,EXAC
2010-01-04,EXAR
2010-01-04,EXAR
2010-01-04,EXAR
2010-01-04,EXAS
2010-01-04,EXAS
2010-01-04,EXLP
2010-01-04,EXH
2010-01-04,EXH
2010-01-04,FABU
2010-01-04,FALCD
2010-01-04,FALCD
2010-01-04,FALCD
2010-01-04,FALCD
2010-01-04,FALCD
2010-01-04,FBNIQ
2010-01-04,FBNIQ
2010-01-04,FBNIQ
2010-01-04,FBRC
2010-01-04,FBRC
2010-01-04,FBC
2010-01-04,FCFC
2010-01-04,FCFC
2010-01-04,FCTY
2010-01-04,FDNHQ
2010-01-04,FEEC
2010-01-04,FEEC
2010-01-04,FEEC
2010-01-04,FEEC
2010-01-04,FEEC
2010-01-04,FEEC
2010-01-04,FENCF
2010-01-04,FDP
2010-01-04,FFBH
2010-01-04,FFNW
2010-01-04,FFNW
2010-01-04,FFCH
2010-01-04,FFIC
2010-01-04,FFIC
2010-01-04,FHCO
2010-01-04,FLOW1
2010-01-04,FLY_old
2010-01-04,FMD
2010-01-04,FMD
2010-01-04,FMBI
2010-01-04,FMBI
2010-01-04,FOE
2010-01-04,FNCB
2010-01-04,FNCB
2010-01-04,FNSR
2010-01-04,FPIC
2010-01-04,FRBK
2010-01-04,FRM
2010-01-04,FRM
2010-01-04,FRM
2010-01-04,FRPT1
2010-01-04,FRPT1
2010-01-04,FRPT1
2010-01-04,FRPT1
2010-01-04,FSCI
2010-01-04,FSCI
2010-01-04,FSCI
2010-01-04,FSIN
2010-01-04,FSIN
2010-01-04,FSIN
2010-01-04,FSIN
2010-01-04,FSNN
2010-01-04,FTCY
2010-01-04,FTWRQ
2010-01-04,FTWRQ
2010-01-04,FTWRQ
2010-01-04,FTWRQ
2010-01-04,FTWRQ
2010-01-04,FTWRQ
2010-01-04,FTWRQ
2010-01-04,FTWRQ
2010-01-04,FUR
2010-01-04,FUR
2010-01-04,FUR
2010-01-04,FUR
2010-01-04,FUR
2010-01-04,FUR
2010-01-04,FUR
2010-01-04,FUR
2010-01-04,FUR
2010-01-04,FUR
2010-01-04,FUR
2010-01-04,FUR
2010-01-04,FUR
2010-01-04,FUR
2010-01-04,FUR
2010-01-04,FTR
2010-01-04,FTR
2010-01-04,FTRCQ
2010-01-04,FTRCQ
2010-01-04,FVE
2010-01-04,FXEN
2010-01-04,FXEN
2010-01-04,GADS
2010-01-04,GADS
2010-01-04,GADS
2010-01-04,GADS
2010-01-04,GADS
2010-01-04,GADS
2010-01-04,GADS
2010-01-04,GBNK
2010-01-04,GBNK
2010-01-04,GCEH
2010-01-04,GCEH
2010-01-04,GCEH
2010-01-04,GCEHD
2010-01-04,GCEHD
2010-01-04,GCEHD
2010-01-04,GCEHQ
2010-01-04,GCEHQ
2010-01-04,GCEHQ
2010-01-04,GCA
2010-01-04,GCA
2010-01-04,GDEN
2010-01-04,GDEN
2010-01-04,GDPM
2010-01-04,GDPM
2010-01-04,GDPM
2010-01-04,GDPM
2010-01-04,GDPM
2010-01-04,GDPM
2010-01-04,GEN1
2010-01-04,GENTY
2010-01-04,GEOI
2010-01-04,GEOI
2010-01-04,GEOI
2010-01-04,GEOI
2010-01-04,GEOI
2010-01-04,GEOI
2010-01-04,GEOY
2010-01-04,GEOKQ
2010-01-04,GEOKQ
2010-01-04,GEOKQ
2010-01-04,GEOKQ
2010-01-04,GEOKQ
2010-01-04,GEOKQ
2010-01-04,GEOKQ
2010-01-04,GEOKQ
2010-01-04,GEOKQ
2010-01-04,GFED
2010-01-04,GFED
2010-01-04,GEVA
2010-01-04,GEVA
2010-01-04,GFN
2010-01-04,GFN
2010-01-04,GHDX
2010-01-04,GHDX
2010-01-04,GIG1
2010-01-04,GIG1
2010-01-04,GIG1
2010-01-04,GIGAD
2010-01-04,GIVN
2010-01-04,GIVN
2010-01-04,GKI
2010-01-04,GKI
2010-01-04,GKI
2010-01-04,GKNT
2010-01-04,GKNT
2010-01-04,GKNT
2010-01-04,GKNT
2010-01-04,GLBC
2010-01-04,GLBC
2010-01-04,GLBL_old1
2010-01-04,GLCH
2010-01-04,GLCH
2010-01-04,GLCH
2010-01-04,GLCH
2010-01-04,GLCH
2010-01-04,GLCH
2010-01-04,GLDC
2010-01-04,GLG_old
2010-01-04,GLG_old
2010-01-04,GLT
2010-01-04,GMO
2010-01-04,GMO
2010-01-04,GMOL
2010-01-04,GMOL
2010-01-04,GMOLQ
2010-01-04,GMOLQ
2010-01-04,GMXRQ
2010-01-04,GNI
2010-01-04,GNI
2010-01-04,GNI
2010-01-04,GNVC
2010-01-04,GNVC
2010-01-04,GNVC
2010-01-04,GPIC
2010-01-04,GPIC
2010-01-04,GPIC
2010-01-04,GQMNF
2010-01-04,GR
2010-01-04,GPOR_old
2010-01-04,GPOR_old
2010-01-04,GPORQ
2010-01-04,GPORQ
2010-01-04,GRA
2010-01-04,GPX
2010-01-04,GPX
2010-01-04,GPX
2010-01-04,GPX
2010-01-04,GPX
2010-01-04,GPX
2010-01-04,GPX
2010-01-04,GPX
2010-01-04,GPX
2010-01-04,GPX
2010-01-04,GPX
2010-01-04,GRMS
2010-01-04,GRNB1
2010-01-04,GRO_old
2010-01-04,GRT
2010-01-04,GRT
2010-01-04,GSI
2010-01-04,GSI
2010-01-04,GSIC
2010-01-04,GSIC
2010-01-04,GSIC
2010-01-04,GSIC
2010-01-04,GSKNF
2010-01-04,GTI_old
2010-01-04,GTI_old
2010-01-04,GTI_old
2010-01-04,GTI_old
2010-01-04,GTTN
2010-01-04,GTTN
2010-01-04,GTTN
2010-01-04,GV_old
2010-01-04,GV_old
2010-01-04,GV_old
2010-01-04,GV_old
2010-01-04,GV_old
2010-01-04,GV_old
2010-01-04,GYMB
2010-01-04,HBP
2010-01-04,HBP
2010-01-04,HDNG
2010-01-04,HDNG
2010-01-04,HDNG
2010-01-04,HDNG
2010-01-04,HDNG
2010-01-04,HDYN
2010-01-04,HDYN
2010-01-04,HDYN
2010-01-04,HDYN
2010-01-04,HEOP
2010-01-04,HEOP
2010-01-04,HEP
2010-01-04,HFFC
2010-01-04,HFFC
2010-01-04,HGG
2010-01-04,HGG
2010-01-04,HGGGQ
2010-01-04,HGGGQ
2010-01-04,HGSH
2010-01-04,HGSI
2010-01-04,HGSI
2010-01-04,HH
2010-01-04,HH
2010-01-04,HILL
2010-01-04,HILL
2010-01-04,HILL
2010-01-04,HILL
2010-01-04,HITK
2010-01-04,HI
2010-01-04,HMBL
2010-01-04,HMBL
2010-01-04,HMBL
2010-01-04,HLS
2010-01-04,HLS
2010-01-04,HLS
2010-01-04,HLS
2010-01-04,HLS
2010-01-04,HLS
2010-01-04,HMNF
2010-01-04,HMNF
2010-01-04,HMSY
2010-01-04,HNGR
2010-01-04,HNGR
2010-01-04,HNGR
2010-01-04,HNGR
2010-01-04,HOKU
2010-01-04,HOLI
2010-01-04,HOLI
2010-01-04,HPJ
2010-01-04,HPJ
2010-01-04,HPJ
2010-01-04,HPJ
2010-01-04,HPOL
2010-01-04,HPOL
2010-01-04,HPOL
2010-01-04,HPPI
2010-01-04,HPPI
2010-01-04,HPPI
2010-01-04,HPPI
2010-01-04,HPPI
2010-01-04,HRBN
2010-01-04,HRBN
2010-01-04,HS
2010-01-04,HRC
2010-01-04,HRC
2010-01-04,HSKA
2010-01-04,HTBK
2010-01-04,HTWR
2010-01-04,HW
2010-01-04,HW
2010-01-04,HW
2010-01-04,HW
2010-01-04,HW
2010-01-04,HYGS
2010-01-04,IBCA_old
2010-01-04,IBCA_old
2010-01-04,ICGE
2010-01-04,ICGE
2010-01-04,ICGE
2010-01-04,ICON_old
2010-01-04,ICON_old
2010-01-04,IDIX
2010-01-04,IDSY
2010-01-04,IGCC
2010-01-04,IGCC
2010-01-04,IGTE
2010-01-04,IIJI
2010-01-04,IIN
2010-01-04,IIN
2010-01-04,IILG
2010-01-04,IMBI
2010-01-04,IMBIQ
2010-01-04,IMH
2010-01-04,IMH
2010-01-04,IMMU
2010-01-04,IMPHO
2010-01-04,IMPHO
2010-01-04,IMPM
2010-01-04,IMPM
2010-01-04,IN
2010-01-04,INFI
2010-01-04,INFIQ
2010-01-04,INOC
2010-01-04,INOC
2010-01-04,INVI
2010-01-04,INVI
2010-01-04,INVI
2010-01-04,INVI
2010-01-04,INVI
2010-01-04,IPAS
2010-01-04,IPAS
2010-01-04,IPAS
2010-01-04,IPAS
2010-01-04,IRC
2010-01-04,IRIS
2010-01-04,IRIS
2010-01-04,IRIS
2010-01-04,IRLD
2010-01-04,IRLD
2010-01-04,IRLD
2010-01-04,ISH
2010-01-04,ISH
2010-01-04,ISH
2010-01-04,ISH
2010-01-04,ISH
2010-01-04,ISH
2010-01-04,ISHC
2010-01-04,ISHC
2010-01-04,ISHC
2010-01-04,ISHC
2010-01-04,ISHC
2010-01-04,ISHC
2010-01-04,ISRL_old
2010-01-04,ISRL_old
2010-01-04,ISTA
2010-01-04,ISTA
2010-01-04,ISTA
2010-01-04,ISSI
2010-01-04,ISIS
2010-01-04,ISIS
2010-01-04,ITPOF
2010-01-04,ITPOF
2010-01-04,ITPOF
2010-01-04,IXYS
2010-01-04,IXYS
2010-01-04,IXYS
2010-01-04,IXYS
2010-01-04,JAH
2010-01-04,JAH
2010-01-04,JAH
2010-01-04,JAH
2010-01-04,JASO
2010-01-04,JCG
2010-01-04,JCG
2010-01-04,JDAS
2010-01-04,JCS
2010-01-04,JCS
2010-01-04,JCS
2010-01-04,JMBA
2010-01-04,JMBA
2010-01-04,JMBA
2010-01-04,JMBA
2010-01-04,JNP
2010-01-04,JNP
2010-01-04,JNP
2010-01-04,JNY
2010-01-04,JRCCQ
2010-01-04,JRCCQ
2010-01-04,JRCCQ
2010-01-04,JRCCQ
2010-01-04,JRJC
2010-01-04,JRN
2010-01-04,JRJCY
2010-01-04,KBXRF
2010-01-04,KENT
2010-01-04,KERX
2010-01-04,KERX
2010-01-04,KEYN
2010-01-04,KIRK
2010-01-04,KITDQ
2010-01-04,KITDQ
2010-01-04,KITDQ
2010-01-04,KNSY
2010-01-04,KONA
2010-01-04,KONA
2010-01-04,KONA
2010-01-04,KONA_old
2010-01-04,KONA_old
2010-01-04,KONA_old
2010-01-04,KONAQ
2010-01-04,KONAQ
2010-01-04,KONAQ
2010-01-04,KSIX
2010-01-04,KSIX
2010-01-04,KSPN
2010-01-04,KSPN
2010-01-04,KSPN
2010-01-04,KTEC_old
2010-01-04,KTEC_old
2010-01-04,KTEC_old
2010-01-04,KTEC_old
2010-01-04,KTEC_old
2010-01-04,KWK
2010-01-04,KWK
2010-01-04,KWK
2010-01-04,KWKAQ
2010-01-04,KWKAQ
2010-01-04,KWKAQ
2010-01-04,KW
2010-01-04,KW
2010-01-04,KW
2010-01-04,KW
2010-01-04,KW
2010-01-04,LANC
2010-01-04,LANC
2010-01-04,LANC
2010-01-04,LBMH
2010-01-04,LBMH
2010-01-04,LBMH
2010-01-04,LBAI
2010-01-04,LCAV
2010-01-04,LCAV
2010-01-04,LCRY
2010-01-04,LCRY
2010-01-04,LEAP_old
2010-01-04,LEAP_old
2010-01-04,LGTY
2010-01-04,LIWA
2010-01-04,LIWA
2010-01-04,LIWA
2010-01-04,LMST
2010-01-04,LMST
2010-01-04,LNBB
2010-01-04,LNBB
2010-01-04,LNETQ
2010-01-04,LNETQ
2010-01-04,LNETQ
2010-01-04,LNETQ
2010-01-04,LNETQ
2010-01-04,LNETQ
2010-01-04,LOCM
2010-01-04,LOCMQ
2010-01-04,LNW
2010-01-04,LNW
2010-01-04,LNW
2010-01-04,LNW
2010-01-04,LNW
2010-01-04,LNW
2010-01-04,LNW
2010-01-04,LOOP1
2010-01-04,LPHI
2010-01-04,LPIH
2010-01-04,LSBG
2010-01-04,LSE_old
2010-01-04,LVB
2010-01-04,LVB
2010-01-04,LVLT
2010-01-04,LVLT
2010-01-04,LVLT
2010-01-04,LVLT
2010-01-04,LWSN
2010-01-04,MAG
2010-01-04,MAKO_old
2010-01-04,MAMS
2010-01-04,MASC
2010-01-04,MATR
2010-01-04,MAXD
2010-01-04,MBRG
2010-01-04,MBVX
2010-01-04,MCBC
2010-01-04,MCBC
2010-01-04,MCBC
2010-01-04,MCBC
2010-01-04,MCRL
2010-01-04,MDAS
2010-01-04,MDAS
2010-01-04,MDCI
2010-01-04,MDF
2010-01-04,MDIT
2010-01-04,MDIT
2010-01-04,MDIT
2010-01-04,MDCA
2010-01-04,MDCA
2010-01-04,MDCA
2010-01-04,MDTH
2010-01-04,MDP
2010-01-04,MDP
2010-01-04,MDP
2010-01-04,MDP
2010-01-04,MDVN
2010-01-04,MDVN
2010-01-04,MDVN
2010-01-04,MDVN
2010-01-04,MDVN
2010-01-04,MDWCQ
2010-01-04,MDWCQ
2010-01-04,MDWCQ
2010-01-04,MEA
2010-01-04,MECK
2010-01-04,MECK
2010-01-04,MECK
2010-01-04,MEDQ
2010-01-04,MEDQ
2010-01-04,MEDQ
2010-01-04,MEDQ
2010-01-04,MEDQ
2010-01-04,MEDQ
2010-01-04,MEDQ
2010-01-04,MEDQ
2010-01-04,MEDW
2010-01-04,MEDW
2010-01-04,MEDW
2010-01-04,MEDW
2010-01-04,MEET
2010-01-04,MENT
2010-01-04,MFGLQ
2010-01-04,MFGLQ
2010-01-04,MFGLQ
2010-01-04,MFLX_old
2010-01-04,MFLX_old
2010-01-04,MFLX_old
2010-01-04,MFSF
2010-01-04,MFW
2010-01-04,MFW
2010-01-04,MFW
2010-01-04,MFW
2010-01-04,MFW
2010-01-04,MFW
2010-01-04,MFW
2010-01-04,MFW
2010-01-04,MGLN
2010-01-04,MHGC
2010-01-04,MHGC
2010-01-04,MHGC
2010-01-04,MHGC
2010-01-04,MHLD
2010-01-04,MHLD
2010-01-04,MIG_old
2010-01-04,MIFI
2010-01-04,MIFI
2010-01-04,MINI
2010-01-04,MIR_old
2010-01-04,MNTG
2010-01-04,MNTG
2010-01-04,MNTG
2010-01-04,MNTG
2010-01-04,MNTG
2010-01-04,MNTG
2010-01-04,MNTG
2010-01-04,MNTX
2010-01-04,MNTA
2010-01-04,MODV
2010-01-04,MPG1
2010-01-04,MPG1
2010-01-04,MPG1
2010-01-04,MPG1
2010-01-04,MPG1
2010-01-04,MPW
2010-01-04,MRH
2010-01-04,MRH
2010-01-04,MRT1
2010-01-04,MRT1
2010-01-04,MRT1
2010-01-04,MRT1
2010-01-04,MRT1
2010-01-04,MRVC
2010-01-04,MSL
2010-01-04,MSL
2010-01-04,MSON
2010-01-04,MSON
2010-01-04,MSSR
2010-01-04,MSSR
2010-01-04,MTL
2010-01-04,MTOX
2010-01-04,MTOX
2010-01-04,MTSN
2010-01-04,MTSN
2010-01-04,NAFC
2010-01-04,NAFC
2010-01-04,NAVG
2010-01-04,NAVG
2010-01-04,NAV
2010-01-04,NAV
2010-01-04,NAV
2010-01-04,NCS
2010-01-04,NDZ
2010-01-04,NDZ
2010-01-04,NDZ
2010-01-04,NDZ
2010-01-04,NDZ
2010-01-04,NEPHD
2010-01-04,NEPHD
2010-01-04,NEPHD
2010-01-04,NEPHD
2010-01-04,NEPHD
2010-01-04,NEWS
2010-01-04,NEWS
2010-01-04,NEWN
2010-01-04,NEWN
2010-01-04,NGSX
2010-01-04,NHLD
2010-01-04,NHLD
2010-01-04,NHLD
2010-01-04,NHLD
2010-01-04,NHLD
2010-01-04,NHLD
2010-01-04,NHLD
2010-01-04,NHLD
2010-01-04,NHLD
2010-01-04,NHLD
2010-01-04,NICK
2010-01-04,NM
2010-01-04,NM
2010-01-04,NOTV
2010-01-04,NOTV
2010-01-04,NOVB
2010-01-04,NOVL
2010-01-04,NOVL
2010-01-04,NOVL
2010-01-04,NOVL
2010-01-04,NOVL
2010-01-04,NOVL
2010-01-04,NOVL
2010-01-04,NOVL
2010-01-04,NOVL
2010-01-04,NOVL
2010-01-04,NOVL
2010-01-04,NOVL
2010-01-04,NOVL
2010-01-04,NOVL
2010-01-04,NOVL
2010-01-04,NOVL
2010-01-04,NPSP
2010-01-04,NSH_old
2010-01-04,NSH_old
2010-01-04,NSPH
2010-01-04,NSPH
2010-01-04,NS
2010-01-04,NS
2010-01-04,NS
2010-01-04,NS
2010-01-04,NS
2010-01-04,NSTC_old
2010-01-04,NSTC_old
2010-01-04,NTP
2010-01-04,NTP
2010-01-04,NTP
2010-01-04,NTP
2010-01-04,NTP
2010-01-04,NTP
2010-01-04,NTP
2010-01-04,NTP
2010-01-04,NTP
2010-01-04,NTP
2010-01-04,NTUS
2010-01-04,NUVA
2010-01-04,NUVA
2010-01-04,NVLN
2010-01-04,NVLS1
2010-01-04,NWK
2010-01-04,NWK
2010-01-04,NWIN
2010-01-04,NYMX
2010-01-04,NYNY_old
2010-01-04,NYNY_old
2010-01-04,NYNY_old
2010-01-04,NYNY_old
2010-01-04,NYNY_old
2010-01-04,NYNY_old
2010-01-04,NXTM
2010-01-04,NXTM
2010-01-04,NXTM
2010-01-04,OA
2010-01-04,OA
2010-01-04,OA
2010-01-04,OBCI
2010-01-04,OBCI
2010-01-04,OBQI
2010-01-04,OBQI
2010-01-04,OBQI
2010-01-04,OBQI
2010-01-04,OCAT
2010-01-04,OCAT
2010-01-04,OCAT
2010-01-04,OCAT
2010-01-04,OCAT
2010-01-04,OCAT
2010-01-04,OCLR
2010-01-04,OCLR
2010-01-04,ODP
2010-01-04,ODP
2010-01-04,ODP
2010-01-04,OKSB
2010-01-04,OLCB
2010-01-04,OLCB
2010-01-04,OLCB
2010-01-04,OLCB
2010-01-04,OLCB
2010-01-04,OLBK
2010-01-04,OLBK
2010-01-04,OLBK
2010-01-04,OMNT
2010-01-04,OMNT
2010-01-04,OMNT
2010-01-04,OMNT
2010-01-04,OMPI
2010-01-04,OMX
2010-01-04,ONP
2010-01-04,ONP
2010-01-04,ONP
2010-01-04,OOGI
2010-01-04,OPAY
2010-01-04,OPAY
2010-01-04,OPAY
2010-01-04,OPLK
2010-01-04,OPLK
2010-01-04,ORBK
2010-01-04,OREX
2010-01-04,OPOF
2010-01-04,OPOF
2010-01-04,OPOF
2010-01-04,OREXQ
2010-01-04,OSIR
2010-01-04,OSGIQ
2010-01-04,OSGIQ
2010-01-04,OSGIQ
2010-01-04,OSGIQ
2010-01-04,OSGIQ
2010-01-04,OSGIQ
2010-01-04,OSTK
2010-01-04,OTIVF
2010-01-04,OTIVF
2010-01-04,OTIV
2010-01-04,OTIV
2010-01-04,OUTD
2010-01-04,OUTD
2010-01-04,OUTD
2010-01-04,OUTD
2010-01-04,OUTR
2010-01-04,OUTR
2010-01-04,OVRL
2010-01-04,OVRL
2010-01-04,OWW
2010-01-04,PAET
2010-01-04,PACW
2010-01-04,PACW
2010-01-04,PACW
2010-01-04,PACW
2010-01-04,PACW
2010-01-04,PARL
2010-01-04,PARL
2010-01-04,PARL
2010-01-04,PARL
2010-01-04,PARL
2010-01-04,PARL
2010-01-04,PBIB
2010-01-04,PBIB
2010-01-04,PBOX
2010-01-04,PBOX
2010-01-04,PBOX
2010-01-04,PBOX
2010-01-04,PBTH
2010-01-04,PBTH
2010-01-04,PBTH
2010-01-04,PBTH
2010-01-04,PBY1
2010-01-04,PCMI
2010-01-04,PCMI
2010-01-04,PCMI
2010-01-04,PCMI
2010-01-04,PCMI
2010-01-04,PCMI
2010-01-04,PCOM
2010-01-04,PCOM
2010-01-04,PCOM
2010-01-04,PCXCQ
2010-01-04,PCYC
2010-01-04,PCYG
2010-01-04,PCYG
2010-01-04,PDCE
2010-01-04,PENX
2010-01-04,PERF_old
2010-01-04,PERF_old
2010-01-04,PERF_old
2010-01-04,PERF_old
2010-01-04,PERF_old
2010-01-04,PERF_old
2010-01-04,PERF_old
2010-01-04,PERF_old
2010-01-04,PERF_old
2010-01-04,PERF_old
2010-01-04,PERF_old
2010-01-04,PERF_old
2010-01-04,PERF_old
2010-01-04,PFBI
2010-01-04,PFBI
2010-01-04,PFBI
2010-01-04,PFBI
2010-01-04,PFBI
2010-01-04,PFBI
2010-01-04,PFSW
2010-01-04,PFSW
2010-01-04,PGI
2010-01-04,PGI
2010-01-04,PGTI
2010-01-04,PHMD
2010-01-04,PHMD
2010-01-04,PHMD
2010-01-04,PHMD
2010-01-04,PHMD
2010-01-04,PHMD
2010-01-04,PHMD
2010-01-04,PHX
2010-01-04,PIKE
2010-01-04,PKY1
2010-01-04,PKY1
2010-01-04,PLCM
2010-01-04,PLFE
2010-01-04,PLFE
2010-01-04,PLM
2010-01-04,PLXT
2010-01-04,PMD
2010-01-04,PMD
2010-01-04,PMD
2010-01-04,PMD
2010-01-04,PNNW
2010-01-04,PNSN
2010-01-04,PNTR
2010-01-04,PNTR
2010-01-04,PNTR
2010-01-04,POL_old
2010-01-04,POWR_old
2010-01-04,POWR_old
2010-01-04,POWR_old
2010-01-04,POWR_old
2010-01-04,POWR_old
2010-01-04,POWR_old
2010-01-04,POWR_old
2010-01-04,POWR_old
2010-01-04,PPBI
2010-01-04,PPBI
2010-01-04,PPBI
2010-01-04,PPBI
2010-01-04,PPBI
2010-01-04,PPBI
2010-01-04,PRA
2010-01-04,PRET
2010-01-04,PRGN
2010-01-04,PRETQ
2010-01-04,PRGX
2010-01-04,PROJ
2010-01-04,PRSG
2010-01-04,PRSN
2010-01-04,PRSN
2010-01-04,PRSC
2010-01-04,PRTX
2010-01-04,PRTX
2010-01-04,PRTX
2010-01-04,PRX
2010-01-04,PRX
2010-01-04,PRXI_old
2010-01-04,PRXI_old
2010-01-04,PRXI_old
2010-01-04,PRXI_old
2010-01-04,PRXI_old
2010-01-04,PRXI_old
2010-01-04,PRXI_old
2010-01-04,PRXI_old
2010-01-04,PSE
2010-01-04,PSID
2010-01-04,PSID
2010-01-04,PSID
2010-01-04,PSID
2010-01-04,PSS
2010-01-04,PSYS1
2010-01-04,PSYS1
2010-01-04,PSYS1
2010-01-04,PSYS1
2010-01-04,PTGEF
2010-01-04,PTNR
2010-01-04,PTNR
2010-01-04,PTNR
2010-01-04,PTNR
2010-01-04,PTNRY
2010-01-04,PTNRY
2010-01-04,PTNRY
2010-01-04,PTNRY
2010-01-04,PTP
2010-01-04,PTSI
2010-01-04,PTVCA
2010-01-04,PTVCB
2010-01-04,PULB
2010-01-04,PULS1
2010-01-04,PULS1
2010-01-04,PVFC
2010-01-04,PVFC
2010-01-04,PVFC
2010-01-04,PVFC
2010-01-04,PVFC
2010-01-04,PVFC
2010-01-04,PVFC
2010-01-04,PVA
2010-01-04,PVA
2010-01-04,PVA
2010-01-04,PVA
2010-01-04,PVAHQ
2010-01-04,PVAHQ
2010-01-04,PVAHQ
2010-01-04,PVAHQ
2010-01-04,PZG1
2010-01-04,PZG1
2010-01-04,PZG1
2010-01-04,PZG1
2010-01-04,PZG1
2010-01-04,QCOR
2010-01-04,QCOR
2010-01-04,QCOR
2010-01-04,QCOR
2010-01-04,QCOR
2010-01-04,QCOR
2010-01-04,PYX
2010-01-04,QLGC
2010-01-04,QLTY_old
2010-01-04,QLTY_old
2010-01-04,RADA
2010-01-04,RADA
2010-01-04,RADA
2010-01-04,RAD
2010-01-04,RAD
2010-01-04,RAD
2010-01-04,RAD
2010-01-04,RAD
2010-01-04,RAD
2010-01-04,RADCQ
2010-01-04,RADCQ
2010-01-04,RADCQ
2010-01-04,RADCQ
2010-01-04,RADCQ
2010-01-04,RADCQ
2010-01-04,RCPI
2010-01-04,RCPI
2010-01-04,RCPI
2010-01-04,RCPI
2010-01-04,RCPI
2010-01-04,RCPI
2010-01-04,RCPI
2010-01-04,RDEN
2010-01-04,REDF
2010-01-04,REDF
2010-01-04,REDF
2010-01-04,REDF
2010-01-04,REIS
2010-01-04,REIS
2010-01-04,REIS
2010-01-04,REIS
2010-01-04,REIS
2010-01-04,REIS
2010-01-04,REIS
2010-01-04,REIS
2010-01-04,REIS
2010-01-04,REIS
2010-01-04,RELYQ
2010-01-04,RELYQ
2010-01-04,RELYQ
2010-01-04,REN
2010-01-04,REXX
2010-01-04,RGRXD
2010-01-04,RGRXD
2010-01-04,RGRXD
2010-01-04,RLH
2010-01-04,RLH
2010-01-04,RLOG
2010-01-04,RLOG
2010-01-04,RLOG
2010-01-04,RLOG
2010-01-04,RLOG
2010-01-04,RLOGQ
2010-01-04,RLOGQ
2010-01-04,RLOGQ
2010-01-04,RLOGQ
2010-01-04,RLOGQ
2010-01-04,RLRN
2010-01-04,RMTR
2010-01-04,RMTR
2010-01-04,RMTR
2010-01-04,RNOW
2010-01-04,ROCM
2010-01-04,ROHIQ
2010-01-04,ROHIQ
2010-01-04,ROIC
2010-01-04,ROICW
2010-01-04,ROX
2010-01-04,ROX
2010-01-04,ROX
2010-01-04,ROX
2010-01-04,ROX
2010-01-04,RPTP
2010-01-04,RPTP
2010-01-04,RSH
2010-01-04,RSO
2010-01-04,RVLT
2010-01-04,RVLT
2010-01-04,RVLT
2010-01-04,SAAS
2010-01-04,SAAS
2010-01-04,SAJA
2010-01-04,SAJA
2010-01-04,SAFM
2010-01-04,SAFM
2010-01-04,SAFM
2010-01-04,SAFM
2010-01-04,SAFM
2010-01-04,SAFM
2010-01-04,SAFM
2010-01-04,SAFM
2010-01-04,SATCQ
2010-01-04,SATCQ
2010-01-04,SATS
2010-01-04,SATS
2010-01-04,SATS
2010-01-04,SCEI
2010-01-04,SCEI
2010-01-04,SCHSQ
2010-01-04,SCLN
2010-01-04,SCLN
2010-01-04,SCLN
2010-01-04,SCOND
2010-01-04,SCS
2010-01-04,SCS
2010-01-04,SCS
2010-01-04,SCS
2010-01-04,SCS
2010-01-04,SCS
2010-01-04,SCSS
2010-01-04,SCSS
2010-01-04,SCSS
2010-01-04,SEH
2010-01-04,SEH
2010-01-04,SDOC
2010-01-04,SES_old
2010-01-04,SES_old
2010-01-04,SES_old
2010-01-04,SFN_old
2010-01-04,SFSF
2010-01-04,SFLY
2010-01-04,SGK
2010-01-04,SGK
2010-01-04,SGK
2010-01-04,SGEN
2010-01-04,SGEN
2010-01-04,SGEN
2010-01-04,SGS
2010-01-04,SGS
2010-01-04,SGS
2010-01-04,SGS
2010-01-04,SGMS
2010-01-04,SGMS
2010-01-04,SGMS
2010-01-04,SGMS
2010-01-04,SGMS
2010-01-04,SGMS
2010-01-04,SGMS
2010-01-04,SHFL
2010-01-04,SHFL
2010-01-04,SHLO
2010-01-04,SHLO
2010-01-04,SHLO
2010-01-04,SHS
2010-01-04,SHS
2010-01-04,SIGN
2010-01-04,SINA
2010-01-04,SINA
2010-01-04,SINA
2010-01-04,SINA
2010-01-04,SIRO
2010-01-04,SIRO
2010-01-04,SIRO
2010-01-04,SIRO
2010-01-04,SIRO
2010-01-04,SIRO
2010-01-04,SIRO
2010-01-04,SKS
2010-01-04,SKS
2010-01-04,SLI_old
2010-01-04,SLI_old
2010-01-04,SLI_old
2010-01-04,SLI_old
2010-01-04,SLI_old
2010-01-04,SLI_old
2010-01-04,SLI_old
2010-01-04,SLTM
2010-01-04,SMA_old
2010-01-04,SMED
2010-01-04,SMTX
2010-01-04,SMTX
2010-01-04,SNAK
2010-01-04,SNAK
2010-01-04,SNMX
2010-01-04,SNSTA
2010-01-04,SNSTA
2010-01-04,SNSTA
2010-01-04,SOA
2010-01-04,SOA
2010-01-04,SNTA
2010-01-04,SNTA
2010-01-04,SNV
2010-01-04,SOMX
2010-01-04,SOMX
2010-01-04,SP
2010-01-04,SPA
2010-01-04,SPPI
2010-01-04,SPPI
2010-01-04,SQNM
2010-01-04,SQNM
2010-01-04,SQNM
2010-01-04,SPTN
2010-01-04,SPTN
2010-01-04,SPTN
2010-01-04,SPTN
2010-01-04,SPTN
2010-01-04,SPTN
2010-01-04,SPTN
2010-01-04,SPTN
2010-01-04,SPTN
2010-01-04,SPTN
2010-01-04,SPTN
2010-01-04,SRSL
2010-01-04,SRZ
2010-01-04,SRZ
2010-01-04,SRZ
2010-01-04,SSN
2010-01-04,SSN
2010-01-04,SSNYY
2010-01-04,SSNYY
2010-01-04,SSI
2010-01-04,SSI
2010-01-04,SSUP
2010-01-04,STAR
2010-01-04,STEL_old
2010-01-04,STI-WS-B
2010-01-04,STI-WS-B
2010-01-04,STV
2010-01-04,STON
2010-01-04,STON
2010-01-04,STON
2010-01-04,STON
2010-01-04,STVVY
2010-01-04,SUMR
2010-01-04,SUMR
2010-01-04,SUNH
2010-01-04,SUNH
2010-01-04,SUNH
2010-01-04,SUNH
2010-01-04,SUNH
2010-01-04,SUNH
2010-01-04,SUPX_old2
2010-01-04,SUPX_old2
2010-01-04,SUPX_old2
2010-01-04,SUPX_old2
2010-01-04,SUPX_old2
2010-01-04,SUPX_old2
2010-01-04,SUSS
2010-01-04,SUP
2010-01-04,SVBLD
2010-01-04,SVBLD
2010-01-04,SVNTQ
2010-01-04,SVR
2010-01-04,SWKH
2010-01-04,SWKH
2010-01-04,SWKH
2010-01-04,SWKH
2010-01-04,SWS
2010-01-04,SWS
2010-01-04,SWHC
2010-01-04,SWHC
2010-01-04,SWHC
2010-01-04,SWHC
2010-01-04,SYMM
2010-01-04,SYMM
2010-01-04,SYMX
2010-01-04,SYMX
2010-01-04,SYMX
2010-01-04,SYMSQ
2010-01-04,SYMSQ
2010-01-04,SYMSQ
2010-01-04,SYMSQ
2010-01-04,SYMSQ
2010-01-04,SYMSQ
2010-01-04,SYMSQ
2010-01-04,SYMSQ
2010-01-04,SYKE
2010-01-04,SYNM
2010-01-04,SYNM
2010-01-04,SYNM
2010-01-04,SYNM
2010-01-04,SYNT
2010-01-04,SYNT
2010-01-04,SYUT
2010-01-04,SYUT
2010-01-04,SYNL
2010-01-04,SYNL
2010-01-04,TARO
2010-01-04,TARO
2010-01-04,TARO
2010-01-04,TAL1
2010-01-04,TAL1
2010-01-04,TAL1
2010-01-04,TAST
2010-01-04,TAST
2010-01-04,TAYC
2010-01-04,TAYC
2010-01-04,TBLZ
2010-01-04,TCP
2010-01-04,TCO
2010-01-04,TCO
2010-01-04,TEAR
2010-01-04,TEAR
2010-01-04,TECU
2010-01-04,TECU
2010-01-04,TECU
2010-01-04,TECUA
2010-01-04,TECUA
2010-01-04,TECUA
2010-01-04,TESS
2010-01-04,TESS
2010-01-04,TESS
2010-01-04,TEUM
2010-01-04,TEUM
2010-01-04,TEUM
2010-01-04,TEN_old
2010-01-04,TEN_old
2010-01-04,TGP
2010-01-04,THOR1
2010-01-04,THOR1
2010-01-04,THOR1
2010-01-04,TICC
2010-01-04,TICC
2010-01-04,TIE
2010-01-04,TIE
2010-01-04,TIE
2010-01-04,TIGR1
2010-01-04,TIGR1
2010-01-04,TIGR1
2010-01-04,TIGR1
2010-01-04,TIGR1
2010-01-04,TIGR1
2010-01-04,TIGR1
2010-01-04,TIGR1
2010-01-04,TIGR1
2010-01-04,TIGR1
2010-01-04,TKLC
2010-01-04,TLEO
2010-01-04,TLFA
2010-01-04,TLFA
2010-01-04,TLGT
2010-01-04,TLGT
2010-01-04,TLGT
2010-01-04,TNB
2010-01-04,TNP
2010-01-04,TNS
2010-01-04,TNS
2010-01-04,TNS
2010-01-04,TNS
2010-01-04,TNS
2010-01-04,TNS
2010-01-04,TNS
2010-01-04,TOO
2010-01-04,TOX
2010-01-04,TOX
2010-01-04,TPGI
2010-01-04,TRAK_old
2010-01-04,TPX
2010-01-04,TRGL
2010-01-04,TRGL
2010-01-04,TRGL
2010-01-04,TRGL
2010-01-04,TRGL
2010-01-04,TRGL
2010-01-04,TRGL
2010-01-04,TRGL
2010-01-04,TRGL
2010-01-04,TRGL
2010-01-04,TRGL
2010-01-04,TRGL
2010-01-04,TRGL
2010-01-04,TRGL
2010-01-04,TRGL
2010-01-04,TRIDQ
2010-01-04,TRGT
2010-01-04,TRLG
2010-01-04,TRLG
2010-01-04,TRQ
2010-01-04,TRQ
2010-01-04,TSH
2010-01-04,TSH
2010-01-04,TSH
2010-01-04,TSH
2010-01-04,TSCDD
2010-01-04,TSCDD
2010-01-04,TSCDD
2010-01-04,TSCDD
2010-01-04,TSCDD
2010-01-04,TSCDD
2010-01-04,TSCDD
2010-01-04,TSCDD
2010-01-04,TSRE
2010-01-04,TSRE
2010-01-04,TSRE
2010-01-04,TSRE
2010-01-04,TSRE
2010-01-04,TST
2010-01-04,TSTC
2010-01-04,TSTC
2010-01-04,TUC
2010-01-04,TUC
2010-01-04,TWMC
2010-01-04,TWMC
2010-01-04,TWMC
2010-01-04,TXI
2010-01-04,TXI
2010-01-04,TXI
2010-01-04,UGNEQ
2010-01-04,UGNEQ
2010-01-04,UGNEQ
2010-01-04,UGNEQ
2010-01-04,UNXLQ
2010-01-04,UNXLQ
2010-01-04,UNXLQ
2010-01-04,UOLI
2010-01-04,UOLI
2010-01-04,UOLI
2010-01-04,UOLI
2010-01-04,UOLI
2010-01-04,UOLI
2010-01-04,UOLI
2010-01-04,UPI
2010-01-04,UPI
2010-01-04,UPI
2010-01-04,UQM
2010-01-04,URZ
2010-01-04,URZ
2010-01-04,URZ
2010-01-04,UOLID
2010-01-04,UOLID
2010-01-04,UOLID
2010-01-04,UOLID
2010-01-04,UOLID
2010-01-04,UOLID
2010-01-04,UOLID
2010-01-04,USHS
2010-01-04,USHS
2010-01-04,USHS
2010-01-04,UTEK
2010-01-04,UTRA
2010-01-04,UTRA
2010-01-04,USTR
2010-01-04,USTR
2010-01-04,USTR
2010-01-04,USTR
2010-01-04,USTR
2010-01-04,USTR
2010-01-04,USTR
2010-01-04,USTR
2010-01-04,VALPQ
2010-01-04,VALPQ
2010-01-04,VALPQ
2010-01-04,VCBI
2010-01-04,VCBI
2010-01-04,VCI
2010-01-04,VELA
2010-01-04,VELA
2010-01-04,VELA
2010-01-04,VGR
2010-01-04,VGR
2010-01-04,VIAS
2010-01-04,VKIN
2010-01-04,VKIN
2010-01-04,VKIN
2010-01-04,VKIN
2010-01-04,VLNCQ
2010-01-04,VLNCQ
2010-01-04,VLNCQ
2010-01-04,VLNCQ
2010-01-04,VLNCQ
2010-01-04,VPHM
2010-01-04,VQ
2010-01-04,VQ
2010-01-04,VOXX
2010-01-04,VOXX
2010-01-04,VOXX
2010-01-04,VRML
2010-01-04,VRS_old
2010-01-04,VRSZQ
2010-01-04,VRTB
2010-01-04,VRTB
2010-01-04,VRNT
2010-01-04,VSCP
2010-01-04,VSCP
2010-01-04,VTNR
2010-01-04,VTNR
2010-01-04,VTNR
2010-01-04,VTNR
2010-01-04,VTNR
2010-01-04,VTNRQ
2010-01-04,VTNRQ
2010-01-04,VTNRQ
2010-01-04,VTNRQ
2010-01-04,VTNRQ
2010-01-04,VTSS
2010-01-04,VTSS
2010-01-04,VUOC
2010-01-04,VUOC
2010-01-04,VUOC
2010-01-04,VVUS
2010-01-04,VVUSQ
2010-01-04,WAYSD
2010-01-04,WAYSD
2010-01-04,WAYSD
2010-01-04,WAYSD
2010-01-04,WAYSD
2010-01-04,WAYSD
2010-01-04,WAYSD
2010-01-04,WBCO
2010-01-04,WBSN
2010-01-04,WBSN
2010-01-04,WBSN
2010-01-04,WCAA
2010-01-04,WCAA
2010-01-04,WCAA
2010-01-04,WCAA
2010-01-04,WCAA
2010-01-04,WCAA
2010-01-04,WCAA
2010-01-04,WEB
2010-01-04,WCG
2010-01-04,WDR
2010-01-04,WES2
2010-01-04,WEYL
2010-01-04,WEYL
2010-01-04,WETF
2010-01-04,WETF
2010-01-04,WH1
2010-01-04,WFD
2010-01-04,WIRE
2010-01-04,WIRE
2010-01-04,WIRE
2010-01-04,WIRE
2010-01-04,WLMS
2010-01-04,WLMS
2010-01-04,WLMSQ
2010-01-04,WLMSQ
2010-01-04,WLT
2010-01-04,WLTGQ
2010-01-04,WMAR
2010-01-04,WMAR
2010-01-04,WMAR
2010-01-04,WLL
2010-01-04,WLL
2010-01-04,WMCO
2010-01-04,WMCO
2010-01-04,WMCO
2010-01-04,WOLF_old1
2010-01-04,WOLF_old1
2010-01-04,WOLF_old1
2010-01-04,WOLF_old2
2010-01-04,WRLS1
2010-01-04,WRLS1
2010-01-04,WTT
2010-01-04,WTT
2010-01-04,WWAY
2010-01-04,WWAY
2010-01-04,WWAY
2010-01-04,WWAY
2010-01-04,WWWW
2010-01-04,XEC
2010-01-04,XOHO
2010-01-04,XOHO
2010-01-04,XOHO
2010-01-04,XOHO
2010-01-04,XRIT
2010-01-04,XRIT
2010-01-04,XRIT
2010-01-04,XRM
2010-01-04,XRSC
2010-01-04,XRSC
2010-01-04,XRSC
2010-01-04,YONG
2010-01-04,YUANF
2010-01-04,YUANF
2010-01-04,YUANF
2010-01-04,YVR
2010-01-04,YVR
2010-01-04,YVR
2010-01-04,ZAAP
2010-01-04,ZEP
2010-01-04,ZEUS
2010-01-04,ZEUS
2010-01-04,ZEUS
2010-01-04,ZEUS
2010-01-04,ZLC
2010-01-04,ZIOP
2010-01-04,ZIOP
2010-01-04,ZIOP
2010-01-04,ZQK
2010-01-04,ZQKSQ
2010-01-04,ZYXI
2010-01-04,ZYXIQ
2010-01-04,ZVO
2010-01-04,ZZ
2010-01-04,ZZ
2010-01-04,ZZ
2010-01-11,SPMD1
2010-01-12,ABKI
2010-01-15,DGAS
2010-01-19,ENLK
2010-01-25,TPCG
2010-02-08,DEXO
2010-02-08,ELRC
2010-02-08,LXRP
2010-02-12,IKGH
2010-02-12,LINU
2010-02-12,LINUF
2010-02-16,BREW_old
2010-02-19,GLUU
2010-03-05,BBND
2010-03-08,ACW
2010-03-08,PRTK
2010-03-08,ZIGO
2010-03-09,KFN
2010-03-10,XXIA
2010-03-12,HBNK
2010-03-19,MOFG
2010-03-19,PTX
2010-03-19,PTXTQ
2010-03-23,VITC
2010-03-24,CLNH_old
2010-03-26,PTMN
2010-03-29,KNWND
2010-04-08,MSCC
2010-04-15,ORBC
2010-04-16,TLB
2010-04-19,ERN
2010-04-22,LYRI
2010-04-29,ALR_old
2010-04-30,PQ
2010-04-30,PQUE
2010-04-30,PQUEQ
2010-05-07,ALIM
2010-05-11,THRD_old
2010-05-13,IQNT
2010-05-14,DLGC
2010-05-14,SNH
2010-05-17,EVBN
2010-05-20,CODE
2010-06-07,USU
2010-06-24,BNCN
2010-06-28,FURX
2010-07-15,KEYP
2010-07-16,ELMG
2010-07-20,TCAP
2010-07-21,FCCND
2010-07-22,ATV
2010-08-04,CNBI
2010-08-04,MHR
2010-08-09,LIA
2010-08-11,OABC
2010-08-12,SSC
2010-08-12,WCST
2010-08-13,MCP
2010-08-16,NCR
2010-08-16,TSRX
2010-08-20,ABBC
2010-08-27,UNIS
2010-09-09,KNXA
2010-09-15,OPRXD
2010-09-20,ELRED
2010-09-23,LKCO1
2010-09-30,SFUN
2010-10-08,AUTH
2010-10-08,CPPRQ
2010-10-08,ELNK
2010-10-08,JCP
2010-10-15,NPBC
2010-10-18,STND
2010-10-28,NTSP
2010-11-01,MLNX
2010-11-03,XCO
2010-11-03,XCOOQ
2010-11-05,BBRG
2010-11-05,GACR
2010-11-08,SBIB
2010-11-12,CQB
2010-11-12,EVSI
2010-11-17,SRDX
2010-11-19,HHC
2010-12-02,BEZ_old
2010-12-16,BKEP
2010-12-16,CPGI
2010-12-16,LNCE
2010-12-20,CLSP
2010-12-20,RFP
2010-12-22,TDCH
2010-12-28,MULI
2010-12-30,ROVI
2011-01-03,ANDS
2011-01-03,QBAKD
2011-01-05,PRSG
2011-01-10,HRBN
2011-01-13,GNOM2
2011-01-14,DNR
2011-01-18,JCG
2011-01-19,CDXC
2011-01-19,TLFA
2011-01-20,ZIOP
2011-01-28,COT
2011-01-28,PRMW
2011-01-31,ATNY
2011-01-31,VAPE_old
2011-02-03,FRP
2011-02-03,MENT
2011-02-04,CACB
2011-02-04,CBKN
2011-02-07,EVLV_old
2011-02-07,GHSTD
2011-02-07,GOGL_old
2011-02-07,IMBI
2011-02-07,IMBIQ
2011-02-10,DYN_old
2011-02-10,IDIX
2011-02-10,LTMP
2011-02-11,IGTE
2011-02-11,VRS_old
2011-02-11,VRSZQ
2011-02-14,ARTX
2011-02-14,GCAP
2011-02-14,IDSY
2011-02-14,ZAAP
2011-02-15,SPOXF
2011-02-15,TKLC
2011-02-16,GLCH
2011-02-18,ARGB
2011-02-18,PNG
2011-02-22,WAYSD
2011-02-24,RCM
2011-02-25,ACRX
2011-02-25,COWN
2011-02-25,GEOY
2011-03-02,HEAR
2011-03-04,FONR
2011-03-04,PALT
2011-03-04,PARL
2011-03-04,PEER
2011-03-04,STVI
2011-03-07,DVOXQ
2011-03-08,BKCC
2011-03-08,VLOV
2011-03-10,TSRE
2011-03-11,FBRC
2011-03-11,PBOX
2011-03-14,ONE2
2011-03-14,TNGN
2011-03-18,CNVO
2011-03-18,NAVB
2011-03-24,OVRL
2011-03-25,AOI
2011-03-25,PYX
2011-03-28,OXPS
2011-04-01,MCOX
2011-04-01,SINA
2011-04-06,GSIC
2011-04-06,SIAF
2011-04-08,CHOP
2011-04-11,APTS
2011-04-11,UCBI
2011-04-13,GCVRZ
2011-04-15,TAL1
2011-04-18,GRMS
2011-04-18,VRML
2011-04-19,SDOC
2011-04-20,CHSI
2011-04-21,AHCI
2011-04-21,OPLK
2011-04-25,CEDU
2011-04-25,GMLP
2011-04-27,AMMD
2011-04-28,MSCC
2011-04-29,BARI
2011-04-29,BRKL_old
2011-04-29,ESGR
2011-04-29,PMIC
2011-05-02,VRGY
2011-05-04,UAM
2011-05-05,LNETQ
2011-05-06,LOOP1
2011-05-09,PRGN
2011-05-11,BSF
2011-05-11,CRY_old
2011-05-11,VELA
2011-05-20,DVCR
2011-05-23,INAP
2011-05-25,CCIX_old
2011-05-25,SMPR
2011-05-25,SSUP
2011-05-25,SUP
2011-05-27,EPAX
2011-05-31,CVO
2011-06-02,FRNK
2011-06-03,SAVE
2011-06-03,SAVEQ
2011-06-06,LPRIQ
2011-06-09,ARCW
2011-06-10,CTCM
2011-06-10,YONG
2011-06-15,LLEX
2011-06-16,THOR1
2011-06-17,RT
2011-06-20,GEVA
2011-06-23,ACI_old
2011-06-23,ACIIQ
2011-06-23,ARCH
2011-06-23,PDCE
2011-06-24,FDNHQ
2011-06-24,FNRG
2011-06-24,SAAS
2011-06-29,MCBC
2011-06-30,CCLP
2011-06-30,MSSR
2011-07-01,GRM
2011-07-05,AAU
2011-07-11,BBBB
2011-07-11,LMST
2011-07-11,NEUL
2011-07-11,PBIB
2011-07-11,POTG
2011-07-14,RADS
2011-07-15,RELYQ
2011-07-21,MRVC
2011-08-04,CV_old
2011-08-08,MPX
2011-08-10,CMIA
2011-08-11,CKP
2011-08-12,FLOW1
2011-08-15,FEIC
2011-08-19,AMN_old
2011-08-26,COL
2011-09-08,CLGX
2011-09-15,COSI
2011-09-19,APFC
2011-09-22,CPTS
2011-09-29,BKS
2011-10-07,LAYN
2011-10-17,OPRXD
2011-10-28,GDEN
2011-10-31,COB
2011-11-02,WEB
2011-11-04,BRCD
2011-11-07,ADLR
2011-11-14,BBQ
2011-11-17,TYPE
2011-11-21,BBND
2011-12-01,ABVT
2011-12-16,CPPRQ
2011-12-19,CDR
2011-12-21,RRR_old
2011-12-27,MATR
2011-12-30,RAM_old
2012-01-03,AMNL
2012-01-03,FFNW
2012-01-03,GIG1
2012-01-03,GSV
2012-01-03,NHLD
2012-01-06,SBX
2012-01-09,BASI
2012-01-09,CHKGQ
2012-01-09,NOTV
2012-01-09,ZZ
2012-01-13,SFSF
2012-01-17,MTSN
2012-01-17,PMCS
2012-01-17,RRMS
2012-01-20,OCLR
2012-01-20,SONO1
2012-01-23,CFX
2012-01-23,FCAL1
2012-01-25,HRZL
2012-01-30,NAV
2012-01-31,SGS
2012-02-01,GPIC
2012-02-01,ISTA
2012-02-03,REGI
2012-02-06,SGOC
2012-02-07,BOFI
2012-02-07,PLXT
2012-02-07,QHYG
2012-02-07,YIHG
2012-02-08,PBY1
2012-02-10,HTLF
2012-02-10,NTK
2012-02-13,CDOR
2012-02-13,SPPRO
2012-02-13,SPPRP
2012-02-14,CSII
2012-02-14,LBMH
2012-02-14,SWSH
2012-02-14,TVIA
2012-02-15,CEMP
2012-02-15,DDMGQ
2012-02-15,VPCO
2012-02-16,AOL
2012-02-17,DGAS
2012-02-17,LAVA
2012-02-21,DXTR
2012-02-21,DXTRQ
2012-02-21,PHH_old
2012-02-22,SITO
2012-02-22,SITOQ
2012-02-23,CCXI_old
2012-02-23,QBAKD
2012-02-24,RDMPQ
2012-02-27,BFX
2012-02-27,BFXXQ
2012-02-27,MHR
2012-02-27,MULI
2012-02-27,NLS
2012-02-27,VITC
2012-02-28,GU1
2012-02-29,PVFC
2012-03-01,MDSO
2012-03-02,OTIVF
2012-03-02,OTIV
2012-03-05,VOCS
2012-03-07,PTMN
2012-03-08,TRCR
2012-03-09,DGIT
2012-03-09,WCAA
2012-03-12,TLEO
2012-03-13,GIGL_old
2012-03-13,JDAS
2012-03-14,ATS_old
2012-03-14,ATSC_old
2012-03-14,MCP
2012-03-14,SIGM
2012-03-15,WOLF_old1
2012-03-16,ACPW
2012-03-16,WWAY
2012-03-19,PTRY
2012-03-19,QSFT
2012-03-20,VRNT
2012-03-21,EXAM
2012-03-21,LGHS
2012-03-26,PCD
2012-03-29,BKEP
2012-03-30,GWAY
2012-03-30,NEWS
2012-04-02,HOGS
2012-04-03,MAG
2012-04-04,CLVS
2012-04-04,CLVSQ
2012-04-04,DPSID
2012-04-05,GFN
2012-04-05,HTWR
2012-04-05,OPXT
2012-04-09,VYSTD
2012-04-13,DDIC
2012-04-13,VIAS
2012-04-13,VSCP
2012-04-16,SPPI
2012-04-19,HSON
2012-04-19,IDTI
2012-04-20,DRJ
2012-04-20,NILE_old
2012-04-20,PRSS
2012-04-24,SDOC
2012-04-25,EF
2012-04-26,CTLP
2012-04-26,DTSI
2012-04-26,SRSL
2012-04-26,USAT
2012-04-27,KITDQ
2012-04-30,EJ
2012-04-30,IMMY
2012-04-30,PMBC
2012-04-30,SINA
2012-04-30,UEPS
2012-05-03,AXDX
2012-05-03,AXDXQ
2012-05-03,EDG
2012-05-04,GEOI
2012-05-04,HMNC
2012-05-04,JNS
2012-05-04,KEYN
2012-05-07,LNETQ
2012-05-07,NPTN
2012-05-07,PTX
2012-05-07,PTXTQ
2012-05-07,SMSC
2012-05-10,ESIC
2012-05-10,PSS
2012-05-15,TECU
2012-05-15,TECUA
2012-05-21,BLUF
2012-05-21,MAMS
2012-05-22,NVLN
2012-05-23,KNSY
2012-05-24,ASGN
2012-05-24,ESL
2012-05-25,IN
2012-05-25,SCHSQ
2012-05-29,JET
2012-05-29,LOJN
2012-05-31,LCRY
2012-06-01,BDBD
2012-06-04,CRED1
2012-06-07,PULS1
2012-06-07,SSUP
2012-06-07,SUP
2012-06-08,CTFO
2012-06-08,TAST
2012-06-08,TPGI
2012-06-08,WFR_old
2012-06-11,JADE_old
2012-06-13,DYN_old
2012-06-14,CTDT
2012-06-15,PKY1
2012-06-18,OMX
2012-06-21,SPMD1
2012-06-22,PFCB
2012-06-27,KNWND
2012-06-27,MASC
2012-06-28,PDH
2012-06-29,GLOG
2012-07-03,BKFGD
2012-07-03,MTOX
2012-07-03,TOX
2012-07-12,EQM
2012-07-16,BOOT1
2012-07-17,LNCR
2012-07-18,FXAI
2012-07-20,HGSI
2012-07-23,GCOM
2012-07-24,GEN1
2012-07-26,DRTX
2012-07-30,MODV
2012-07-30,PRSC
2012-08-02,HPTX
2012-08-07,CERP
2012-08-07,CERPQ
2012-08-09,GTI_old
2012-08-10,USHS
2012-08-13,MDF
2012-08-15,DXF_old
2012-08-16,ANEN
2012-08-20,CAS_old1
2012-08-29,TTS
2012-09-10,RELYQ
2012-09-14,GCAP
2012-09-18,KNXA
2012-09-21,EQC
2012-09-28,ARCW
2012-10-10,CRDN
2012-10-16,YONG
2012-10-31,CPGI
2012-11-01,CASC1
2012-11-05,CARB
2012-11-07,TLAB
2012-11-13,ACW
2012-11-15,FCCY
2012-11-21,RAS
2012-11-26,BITA_old
2012-12-06,ALDW
2012-12-19,END
2012-12-20,ZXAIY
2012-12-27,BBQ
2012-12-28,ALTE
2013-01-08,AAMC
2013-01-08,EPAX
2013-01-09,FLY_old
2013-01-10,ES_old
2013-01-10,PFSW
2013-01-17,ATHN
2013-01-17,EPOC
2013-01-17,EVRYQ
2013-01-17,LRAD
2013-01-18,VVUS
2013-01-18,VVUSQ
2013-01-22,BKS
2013-01-25,CVRR
2013-01-25,FEEC
2013-01-28,BOX1
2013-01-28,KENT
2013-01-31,IQNT
2013-02-04,SXCP
2013-02-07,RIF
2013-02-07,RMRM
2013-02-08,GEENQ
2013-02-08,HEAR
2013-02-08,PTNR
2013-02-08,PTNRY
2013-02-12,ERA
2013-02-13,APKT
2013-02-14,BFIN
2013-02-14,RUE
2013-02-14,SEH
2013-02-14,SNTS
2013-02-15,ACFC
2013-02-15,VELTF
2013-02-20,EBIXQ
2013-02-20,EBIX
2013-02-21,NSLP
2013-02-21,PSSI
2013-02-21,XONE_old
2013-02-22,BLT
2013-02-22,NTSP
2013-02-22,OVRL
2013-02-25,HFBC
2013-02-25,LDWY
2013-02-28,SYSW
2013-03-01,AMOT
2013-03-01,DMND
2013-03-01,EOX
2013-03-01,EOXLQ
2013-03-01,WH1
2013-03-04,ADY
2013-03-04,FSCI
2013-03-04,ZOLT
2013-03-05,ASI
2013-03-05,DSOX
2013-03-06,TUC
2013-03-11,GMXRQ
2013-03-13,OTT
2013-03-14,NHLD
2013-03-15,FES
2013-03-15,FESLQ
2013-03-15,VSB
2013-03-15,ZLTQ
2013-03-18,QUMU
2013-03-19,ACO
2013-03-21,CYNO
2013-03-26,SMRS
2013-03-27,BETS_old
2013-03-27,ZIPR
2013-03-28,OMPI
2013-04-01,ANH
2013-04-01,DXTR
2013-04-01,SVU
2013-04-03,SHLO
2013-04-03,SIGM
2013-04-04,MFSF
2013-04-08,OAKS
2013-04-10,HMTV
2013-04-11,FRP
2013-04-17,LUFK
2013-04-17,SLTM
2013-04-17,SNMX
2013-04-18,GLCH
2013-04-22,TRTC
2013-04-23,OMTH
2013-04-25,PGLC
2013-04-25,SNAK
2013-04-29,RRM
2013-04-29,TQNT
2013-04-30,OSHC
2013-05-03,MCF
2013-05-06,MLVF
2013-05-06,PACR
2013-05-07,DAVE_old
2013-05-07,ONE2
2013-05-07,PVG
2013-05-07,RMGN
2013-05-08,CECE
2013-05-08,MPR
2013-05-09,ALR_old
2013-05-09,CXPO
2013-05-10,DXM
2013-05-10,DXMMQ
2013-05-13,JCS
2013-05-17,RCPT
2013-05-20,BBRG
2013-05-20,OLBK
2013-05-20,REN
2013-05-20,WPX
2013-05-21,VOCS
2013-05-23,PGRX
2013-05-23,VRML
2013-05-24,SMTX
2013-05-24,WLH
2013-05-28,AMAP
2013-05-28,GTS
2013-05-28,MFLX_old
2013-05-29,TTPH
2013-05-30,AMBI_old
2013-05-30,ARDM
2013-05-30,ARDMQ
2013-05-30,WBSN
2013-05-31,CHYR
2013-05-31,CPTS
2013-05-31,MRIC
2013-06-05,ABKI
2013-06-06,MZRTF
2013-06-07,EPZM
2013-06-10,BAXS
2013-06-10,ET_old
2013-06-12,MIFI
2013-06-14,NRCIA
2013-06-14,NRCIB
2013-06-17,AYR
2013-06-17,TXTR
2013-06-21,EVBS
2013-06-21,GTIV
2013-06-25,GPIC
2013-06-28,VHS
2013-07-01,CEDU
2013-07-03,CKH
2013-07-03,PENX
2013-07-03,STEC_old
2013-07-03,STEC_old1
2013-07-05,SAEXQ
2013-07-08,PETX
2013-07-09,MMAT
2013-07-11,ESPR
2013-07-11,NSTG
2013-07-11,NSTGQ
2013-07-15,ECTE
2013-07-18,FBNIQ
2013-07-18,LEAP_old
2013-07-19,GUID
2013-07-23,IL
2013-07-24,OCRX
2013-07-29,AUTO
2013-07-29,HTBX
2013-07-31,ICEL
2013-08-02,VWTR
2013-08-05,DRII
2013-08-05,EAGLU1
2013-08-06,MFRM
2013-08-06,SCEI
2013-08-08,AMED
2013-08-08,C-WS-A
2013-08-08,HNSN
2013-08-08,KEYN
2013-08-09,CBST
2013-08-09,CPPRQ
2013-08-09,JCP
2013-08-09,TSRX
2013-08-12,LCAV
2013-08-14,PRTK
2013-08-16,IMMY
2013-08-16,JMI
2013-08-19,PDLI
2013-08-22,SLGD
2013-08-22,VLTR
2013-08-26,RASF
2013-08-26,RASFD
2013-08-26,RASFN
2013-08-26,RASFQ
2013-08-26,RASLQ
2013-08-29,ISDR
2013-08-30,ACFND
2013-09-03,RGDO
2013-09-03,TBRA
2013-09-05,AKRX
2013-09-13,ASXC
2013-09-13,PLXT
2013-09-13,ROCM
2013-09-19,FFIC
2013-09-23,MHGC
2013-09-25,BRFHD
2013-10-02,MAXD
2013-10-15,DWOG
2013-10-15,EMKR
2013-10-18,CKSW
2013-11-01,ACHN_old
2013-11-06,CXKJ
2013-11-07,TLRD
2013-11-13,BCRHF
2013-11-15,ESGR
2013-11-22,ATAI_old
2013-11-25,INOC
2013-12-13,HRZL
2013-12-23,ENLK
2013-12-30,CCIX_old
2014-01-08,MBII
2014-01-14,GCVRZ
2014-01-14,VITC
2014-01-21,HSON
2014-01-21,MASC
2014-01-22,TSRE
2014-01-23,GLYC
2014-01-23,PNTR
2014-01-24,WPP1
2014-01-27,PAH
2014-01-28,USAK
2014-01-29,NNMX
2014-01-29,NNMXD
2014-02-03,GENTY
2014-02-03,GLOG
2014-02-03,REGI
2014-02-04,MDVLQ
2014-02-05,DRNA
2014-02-05,NATL_old
2014-02-05,TXI
2014-02-07,CARB
2014-02-07,RLD
2014-02-10,ANR
2014-02-10,ANRZ
2014-02-10,CTRC
2014-02-10,CTRCQ
2014-02-10,END
2014-02-10,RICE
2014-02-11,GRA
2014-02-12,ARTC_old
2014-02-13,ATMI
2014-02-13,EBIO
2014-02-13,IEC
2014-02-13,LNBB
2014-02-13,SESN
2014-02-14,BINDQ
2014-02-14,EGLT
2014-02-14,EGLTQ
2014-02-14,FBRC
2014-02-14,XLRN
2014-02-18,CMFN
2014-02-18,CRLRQ
2014-02-18,SZMK
2014-02-20,ASPX
2014-02-20,NKA
2014-02-21,ARGS
2014-02-21,ARGSQ
2014-02-24,MOBQD
2014-02-24,NGHC
2014-02-24,SMPL1
2014-02-26,FLXN_old
2014-02-27,ZLC
2014-02-28,CBB
2014-03-03,PTX
2014-03-03,PTXTQ
2014-03-03,SMLR
2014-03-06,PRGX
2014-03-06,SWS
2014-03-07,BSTC
2014-03-11,COSI
2014-03-12,ATNY
2014-03-13,CADX
2014-03-13,HITK
2014-03-13,PCMI
2014-03-17,RGRXD
2014-03-18,COCO_old
2014-03-18,PVA
2014-03-18,PVAHQ
2014-03-20,ANN
2014-03-21,AMRK
2014-03-21,REPH
2014-03-21,RLOC
2014-03-21,SCTL
2014-03-24,GKNT
2014-03-24,METR
2014-03-24,SGK
2014-03-27,CHMT_old
2014-03-27,EQC
2014-03-28,CNAB
2014-03-28,EGAS
2014-03-31,TECU
2014-03-31,TECUA
2014-03-31,WH1
2014-04-02,ORBK
2014-04-04,APPCQ
2014-04-04,BODY_old
2014-04-04,PMBS_old
2014-04-07,ARAV
2014-04-07,FOFN
2014-04-09,PDCE
2014-04-11,NED
2014-04-14,GSKNF
2014-04-17,SMRS
2014-04-21,DIGP
2014-04-21,DIGP
2014-04-23,ACFC
2014-04-24,TRIV
2014-04-24,ZIGO
2014-04-25,ADMS
2014-04-28,AVTA
2014-04-28,JRVS
2014-04-28,SUSS
2014-04-28,ZIPR
2014-05-01,AAMC
2014-05-05,GOGL_old
2014-05-06,FURX
2014-05-06,NJMC
2014-05-06,NJMCD
2014-05-07,MERU
2014-05-09,RCAP
2014-05-12,PRET
2014-05-12,PRETQ
2014-05-12,QTNTF
2014-05-12,QTNTQ
2014-05-12,XOXO
2014-05-12,YGE
2014-05-12,YGEHY
2014-05-15,EQM
2014-05-16,ALLM
2014-05-20,CEL
2014-05-21,HT
2014-05-22,BTH
2014-05-22,GLOP
2014-05-22,SRNA
2014-05-23,BBQ
2014-05-23,CKEC
2014-05-23,DAVE_old
2014-05-23,IVAC
2014-05-23,PMFG
2014-05-27,ALQA
2014-05-27,LEJU
2014-05-27,POWR_old
2014-05-28,ARX_old
2014-05-28,BIRT
2014-05-28,VVUS
2014-05-28,VVUSQ
2014-05-29,LDWY
2014-05-29,MAMS
2014-05-29,MCOX
2014-05-30,DRL
2014-05-30,DRLCQ
2014-05-30,MHR
2014-06-02,STON
2014-06-03,EVLV_old
2014-06-03,IMBIQ
2014-06-05,PDH
2014-06-05,SMED
2014-06-06,SDPI
2014-06-09,ALO
2014-06-09,ENBL
2014-06-09,GLCH
2014-06-10,STAY
2014-06-10,YONG
2014-06-12,EXPR
2014-06-16,LMIA
2014-06-16,RST
2014-06-17,DAKPQ
2014-06-17,DAKP
2014-06-17,SYNC
2014-06-23,BSF
2014-06-23,HOFSQ
2014-06-23,OPEN_old
2014-06-26,HOLI
2014-06-26,UNTKQ
2014-06-30,PSG
2014-07-01,HGG
2014-07-01,HGGGQ
2014-07-03,IMNP
2014-07-03,MDCI
2014-07-03,ZSPH
2014-07-07,AUXL
2014-07-07,ECR
2014-07-07,GGACU
2014-07-08,BYBK
2014-07-08,SFLY
2014-07-09,SSEIQ
2014-07-10,JASN
2014-07-11,RALY
2014-07-14,MYGG
2014-07-14,OPLK
2014-07-14,YDKN
2014-07-15,HITT
2014-07-16,AVTH
2014-07-18,DPSID
2014-07-18,MBVX
2014-07-21,OPI
2014-07-23,JMBA
2014-07-24,DXTR
2014-07-30,ADES
2014-07-30,LPAD
2014-07-30,ROKA
2014-07-31,RLYP
2014-08-04,TUBE
2014-08-05,FALCD
2014-08-07,MCRL
2014-08-07,UNS
2014-08-08,IMJN
2014-08-08,LOXO
2014-08-11,BCAR_old
2014-08-11,FCB
2014-08-11,GFIG
2014-08-14,MONT
2014-08-14,TPCO
2014-08-14,TRNC
2014-08-15,FSYS
2014-08-18,CBDS
2014-08-21,CLUB_old
2014-08-21,CLUBQ
2014-08-21,ICD
2014-08-21,ICDI
2014-08-21,ICDIQ
2014-08-21,WRES
2014-08-22,HMLP
2014-08-22,RDEN
2014-08-25,LAYN
2014-08-26,IMH
2014-08-26,IMPHO
2014-08-26,IMPHP
2014-08-26,IMPM
2014-08-29,EPRS
2014-08-29,WGBS
2014-09-02,CREXD
2014-09-02,PSMI
2014-09-03,BTN
2014-09-03,DL
2014-09-03,FGH
2014-09-05,CBIO_old
2014-09-05,TRGT
2014-09-08,XRSC
2014-09-15,ALR_old
2014-09-16,MIFI
2014-09-19,ACEZ
2014-09-23,AFMD
2014-09-26,RSH
2014-10-03,LPDX
2014-10-16,GTIV
2014-10-21,AUTO
2014-11-03,PRTO_old
2014-11-06,ENZB
2014-11-07,AVIV_old
2014-11-07,BCOV
2014-11-13,PEGI
2014-11-17,CQB
2014-11-24,CXP
2014-11-25,AMRSQ
2014-11-25,IGCC
2014-12-18,HSGX
2014-12-23,EXXIQ
2014-12-30,FFHL
2014-12-31,UPI
2015-01-09,FTD
2015-01-21,FMI
2015-01-21,MEA
2015-01-22,PENX
2015-01-26,KSPN
2015-01-26,RGDO
2015-01-26,TBRA
2015-01-26,TWMC
2015-01-28,ENIP
2015-01-28,OCEL
2015-01-28,PVG
2015-01-30,BVSN
2015-02-02,CRC_old
2015-02-02,CRCQQ
2015-02-04,ABKI
2015-02-04,GBCSD
2015-02-05,ONCE
2015-02-05,OPRXD
2015-02-09,LENS_old
2015-02-09,LENSF
2015-02-09,NEUL
2015-02-09,PLPM
2015-02-09,VWTR
2015-02-10,ADNC
2015-02-10,TPX
2015-02-11,ENTL_old
2015-02-11,JRVSD
2015-02-12,ENTR1
2015-02-17,CORI
2015-02-17,EOPN
2015-02-17,HCLP
2015-02-17,HCR
2015-02-17,IMPR
2015-02-17,SNC
2015-02-17,WMLPQ
2015-02-19,BLTA
2015-02-19,INTX
2015-02-20,NNMX
2015-02-20,NNMXD
2015-02-23,MWIV
2015-02-24,AVNU
2015-02-24,DSOX
2015-02-24,HLSS
2015-02-25,SFXE
2015-02-26,BITA_old
2015-02-26,ESSX
2015-02-26,RESN
2015-02-27,WAIR
2015-03-02,SBBX
2015-03-03,DATE
2015-03-05,EGL
2015-03-06,BKJ
2015-03-06,BNFT
2015-03-06,CKSW
2015-03-09,ATLS
2015-03-09,VTLE
2015-03-12,CDOR
2015-03-12,SPPRP
2015-03-16,OWW
2015-03-18,EHIC
2015-03-20,BBLUQ
2015-03-20,BV_old
2015-03-23,ARTX
2015-03-23,BRFHD
2015-03-24,LKM
2015-03-24,MSCC
2015-03-24,NQ
2015-03-26,WPT
2015-03-27,CRCM
2015-03-30,JASNQ
2015-04-01,ASBB
2015-04-01,CBK_old
2015-04-01,CBKC
2015-04-01,ENH
2015-04-01,MRH
2015-04-02,CBR
2015-04-02,DM_old
2015-04-06,ICEL
2015-04-06,JMG
2015-04-06,PULS1
2015-04-06,SMLR
2015-04-08,ASPX
2015-04-08,IRBT
2015-04-08,IRBTQ
2015-04-14,HMTV
2015-04-15,LLEX
2015-04-15,LLEXQ
2015-04-16,IPAS
2015-04-17,GNKWF
2015-04-20,EVEP
2015-04-20,EVEPQ
2015-04-20,PRGX
2015-04-21,CBYL
2015-04-21,KALV
2015-04-22,VSI
2015-04-23,CDTX
2015-04-23,HPTX
2015-04-24,AMPED
2015-04-24,KDNY
2015-04-24,YGYI
2015-04-28,SVU
2015-04-29,INLXD
2015-05-01,AMNL
2015-05-01,PTX
2015-05-01,PTXTQ
2015-05-01,VGEN
2015-05-04,CECE
2015-05-04,OSGB
2015-05-06,MESG
2015-05-07,ECIGQ
2015-05-07,PDII
2015-05-07,VHUBD
2015-05-11,GLUU
2015-05-11,MOFG
2015-05-12,SPPI
2015-05-13,CYNI
2015-05-14,AAPC
2015-05-14,AMCC
2015-05-14,LYRI
2015-05-15,ADAP
2015-05-15,ADGE
2015-05-15,BRDR
2015-05-15,CAS_old1
2015-05-15,HIL
2015-05-15,HILI
2015-05-15,LIFE_old1
2015-05-18,RSTI
2015-05-18,TECU
2015-05-18,ZRMG
2015-05-19,DS
2015-05-19,DSHK
2015-05-19,DSHKN
2015-05-19,DSHKO
2015-05-19,DSHKP
2015-05-21,TSRE
2015-05-22,MFSF
2015-05-22,PBY1
2015-05-26,ALJ
2015-05-27,MMAT
2015-05-27,SHSP
2015-06-01,CTRP
2015-06-01,RLJE
2015-06-02,RMGN
2015-06-03,ESGR
2015-06-09,GKNT
2015-06-10,EMWP
2015-06-10,EROS
2015-06-12,MXWL
2015-06-15,GI
2015-06-16,CHUCD
2015-06-17,STV
2015-06-17,STVVY
2015-06-19,MRC
2015-06-22,BBQ
2015-06-22,DAVE_old
2015-06-22,DHCP
2015-06-22,LRAD
2015-06-22,REN
2015-06-22,RST
2015-06-22,TCTM
2015-06-22,WAC
2015-06-24,AY
2015-06-24,INAP
2015-06-24,RYL
2015-06-25,ESIO
2015-06-25,JE
2015-06-25,JENGQ
2015-06-25,RLH
2015-06-26,ALPN
2015-06-26,NVLS
2015-06-29,AMCN
2015-06-29,ANTE
2015-06-29,KYTH
2015-06-30,BPSR
2015-06-30,OHGID
2015-07-01,IMI
2015-07-01,UNVR
2015-07-02,AMBR_old
2015-07-02,GNRT
2015-07-07,CCR
2015-07-07,CNXC_old
2015-07-08,ATXS
2015-07-08,CATB
2015-07-08,JUNO
2015-07-09,GPP
2015-07-09,LINDW
2015-07-09,PDVW
2015-07-09,PIRS
2015-07-10,TACO_old2
2015-07-14,TRAK_old
2015-07-15,REPH
2015-07-15,SCTL
2015-07-16,FBRC
2015-07-20,AMRI
2015-07-21,PVBC
2015-07-23,AVOL
2015-07-23,BSGMD
2015-07-23,QADA
2015-07-23,QADB
2015-07-27,RIF
2015-07-27,RMRM
2015-07-27,SDPI
2015-07-28,IDSY
2015-07-29,BDBD
2015-07-31,SNR
2015-08-03,AF
2015-08-03,ALXA
2015-08-03,MDAS
2015-08-06,CLDB
2015-08-07,ACFC
2015-08-07,GLDC
2015-08-10,AGFS
2015-08-10,AQXP
2015-08-10,BLPGD
2015-08-10,GDEN
2015-08-10,NLTX
2015-08-10,WYIGU
2015-08-11,OME
2015-08-11,UTEK
2015-08-12,CTRC
2015-08-12,CTRCQ
2015-08-14,VIEWF
2015-08-17,ONE2
2015-08-19,FMD
2015-08-19,RNF
2015-08-19,YECO_old
2015-08-21,SSRG
2015-08-21,SYA
2015-08-25,JCAP_old
2015-08-27,CEADD
2015-08-27,NYMX
2015-08-27,SRNA
2015-08-28,EMES_old
2015-08-28,EMESZ
2015-08-28,RCAP
2015-08-28,SPNE
2015-08-31,AXE
2015-08-31,NK
2015-08-31,WMTM
2015-09-02,FSYS
2015-09-04,DXTR
2015-09-04,TUBE
2015-09-09,KANG
2015-09-10,PSEM
2015-09-14,ORIG
2015-09-16,NWBOW
2015-09-17,LMOS
2015-09-18,JGW
2015-09-25,HCOM_old
2015-09-28,MOMTD
2015-09-29,MINM
2015-09-30,ASXC
2015-09-30,SNAK
2015-09-30,TRXC
2015-10-02,NBRV
2015-10-02,TPCO
2015-10-05,SPRT
2015-10-16,EDGE_old
2015-10-26,AJRD
2015-10-28,CAB
2015-10-29,EZCH
2015-11-03,SBBP
2015-11-06,DMTX
2015-11-10,STGG
2015-11-12,RLD
2015-11-13,ZSPH
2015-11-17,SFUN
2015-11-24,HMHC
2015-11-25,CTRL
2015-12-21,CASC
2015-12-23,XCO
2016-01-06,ESTE
2016-01-06,OCAT
2016-01-11,DSKY
2016-01-21,ENOC
2016-01-22,IRC
2016-01-22,RAS
2016-01-22,RASF
2016-01-26,EPIX
2016-01-29,JST
2016-02-01,NSPH
2016-02-01,PSG
2016-02-01,PSGLQ
2016-02-01,SMLP
2016-02-02,APPO
2016-02-03,DWCH
2016-02-03,SOL_old
2016-02-03,SOL
2016-02-05,GRO_old
2016-02-08,DFBG
2016-02-08,OUTR
2016-02-09,HLWD
2016-02-09,MFRM
2016-02-11,GUID
2016-02-12,DL
2016-02-12,FSNN
2016-02-12,GBCSD
2016-02-12,TRNC
2016-02-16,MXPT
2016-02-16,NETI
2016-02-16,PROM
2016-02-16,RCM
2016-02-16,SCMP
2016-02-16,SYNC
2016-02-19,AVXS
2016-02-19,CSOD
2016-02-22,CCG_old
2016-02-22,SCLN
2016-02-22,WETF
2016-02-26,ITI
2016-02-26,UTMR
2016-02-29,SFLY
2016-03-01,NAME
2016-03-02,ASFI
2016-03-03,QLIK
2016-03-04,HCJ
2016-03-07,SUMR
2016-03-07,WINS
2016-03-08,CKEC
2016-03-09,NAVB
2016-03-10,EXTN
2016-03-10,SPA
2016-03-11,AVP
2016-03-11,HNGR
2016-03-11,WBT
2016-03-14,CBAK
2016-03-14,SPI
2016-03-16,CCN
2016-03-16,ESES
2016-03-16,FNTCU
2016-03-16,VEGL
2016-03-17,POWR_old
2016-03-17,RPXC
2016-03-18,TNGO
2016-03-18,WMAR
2016-03-22,ARGS
2016-03-22,ARGSQ
2016-03-24,OREX
2016-03-24,OREXQ
2016-03-24,SQNM
2016-03-28,CDOR
2016-03-28,CDORO
2016-03-29,AINV
2016-03-29,AIY
2016-03-29,EVLV_old
2016-03-29,IMBIQ
2016-03-29,MILL
2016-03-31,DSKX
2016-03-31,MBRG
2016-04-01,EIGR
2016-04-05,TROV
2016-04-07,AZUR
2016-04-07,EMKR
2016-04-08,AIQ_old
2016-04-08,VA
2016-04-11,AFI
2016-04-12,IDTI
2016-04-13,LMIA
2016-04-15,WLMS
2016-04-15,WLMSQ
2016-04-18,SRNEQ
2016-04-20,AFOP
2016-04-22,ATLS
2016-04-22,BLOX_old
2016-04-25,CMXC
2016-04-25,HNSN
2016-04-28,SNTA
2016-05-03,XLIT
2016-05-04,CBR
2016-05-04,CBRIQ
2016-05-05,NHLD
2016-05-09,CNXR
2016-05-10,CSWI
2016-05-10,TXTR
2016-05-11,QSAMD
2016-05-11,VWTR
2016-05-13,AST
2016-05-16,ESI1
2016-05-16,GSV
2016-05-18,ADVM
2016-05-18,COVS
2016-05-23,ACTS_old
2016-05-23,DXF_old
2016-05-24,MRD
2016-05-25,ACW
2016-05-26,MRUS
2016-05-27,LOXO
2016-05-31,REGI
2016-05-31,SQI
2016-06-01,UEPS
2016-06-02,RADA
2016-06-07,ELRC
2016-06-07,MMAT
2016-06-08,BYRND
2016-06-08,FRP
2016-06-09,MIHI
2016-06-14,WTT
2016-06-16,HMTV
2016-06-17,BITA_old
2016-06-17,CLSD
2016-06-20,IMPV
2016-06-20,KNWND
2016-06-20,LDRH_old
2016-06-20,NXEO
2016-06-20,NXEOU
2016-06-22,NVLN
2016-06-23,SLD
2016-06-27,CBYL
2016-06-27,ESL
2016-06-27,KALV
2016-06-27,TICC
2016-06-29,TERP
2016-06-30,BBU
2016-06-30,KTEC_old
2016-07-01,RLOC
2016-07-05,BV_old
2016-07-07,NTK
2016-07-11,CRCM
2016-07-11,HGEN
2016-07-11,KBIO
2016-07-13,AXGT
2016-07-13,SIOX
2016-07-14,EAST
2016-07-15,CLDC
2016-07-15,ECIGQ
2016-07-15,OKSB
2016-07-19,HIL
2016-07-19,HILI
2016-07-19,SEVAP
2016-07-20,AMRI
2016-07-22,IMPR
2016-07-25,BWLD
2016-08-02,SAEXQ
2016-08-12,STDY
2016-08-15,MIFI
2016-08-17,EVER1
2016-08-17,MLCT
2016-08-17,NSAM
2016-08-19,CALL
2016-08-19,DIGP
2016-08-22,JP
2016-08-22,KATY
2016-08-22,KATYQ
2016-08-22,LEJU
2016-08-22,SGI_old
2016-08-22,SINA
2016-08-23,LLIT
2016-08-25,MSG
2016-08-25,NTBL
2016-08-25,VBLT
2016-08-26,VRAY
2016-08-29,AVG
2016-08-30,JRJR
2016-09-01,AEPI
2016-09-07,KPAY
2016-09-08,VXELD
2016-09-13,HTBK
2016-09-14,DZSI
2016-09-15,BTN
2016-09-15,FGH
2016-09-19,FRGI
2016-09-19,SYNL
2016-09-19,TRTN
2016-09-21,SKIS
2016-09-22,ERI
2016-09-26,HOLI
2016-09-27,BKEP
2016-09-28,CDI
2016-09-28,EBIO
2016-09-28,SESN
2016-09-29,MENT
2016-09-30,NBLX
2016-09-30,SEAS
2016-10-03,CRR
2016-10-03,CRRT
2016-10-05,FUSZ
2016-10-06,NOVN
2016-10-06,NOVNQ
2016-10-07,ADGE
2016-10-07,APTI
2016-10-07,NYRT
2016-10-07,RASFD
2016-10-07,RASFN
2016-10-07,RASFQ
2016-10-07,RASLQ
2016-10-11,CCR
2016-10-11,CNXC_old
2016-10-11,CTLP
2016-10-11,IDGS
2016-10-11,IDTY
2016-10-11,IDTYD
2016-10-11,MRT_old
2016-10-11,TRHC
2016-10-11,USAT
2016-10-11,USATP
2016-10-12,ADSW
2016-10-12,TDCP
2016-10-14,FLDM
2016-10-14,OBELF
2016-10-17,PALT
2016-10-17,PEER
2016-10-17,STVI
2016-10-18,RLJE
2016-10-19,MFRI
2016-10-20,GI
2016-10-21,AZRE
2016-10-21,CDEV
2016-10-24,BTUUQ
2016-10-24,EBIXQ
2016-10-24,EBIX
2016-10-25,NBEV
2016-10-26,MAXD
2016-10-27,CCCR
2016-10-27,MKTY
2016-10-28,CBF
2016-11-02,BCDAD
2016-11-03,RARX
2016-11-07,ASNA
2016-11-10,CETYD
2016-11-14,ALBO
2016-11-16,IMMU
2016-11-23,CNNX
2016-11-28,MVEN
2016-12-21,AF
2016-12-22,DS
2017-01-09,VVPR
2017-01-12,ABCO
2017-01-23,JADG
2017-01-25,CCMP
2017-01-25,EMPR
2017-01-30,FMI
2017-01-31,ASTID
2017-01-31,TXSO
2017-02-02,ADHD
2017-02-02,XXIA
2017-02-03,AFMD
2017-02-03,AREX
2017-02-03,AREXQ
2017-02-06,OBSV
2017-02-07,CGWB
2017-02-07,SFR_old
2017-02-10,BMTC
2017-02-10,INAP
2017-02-13,OASMY
2017-02-16,HLIX
2017-02-17,SGOC
2017-02-21,FTMRQ
2017-02-21,FTMR
2017-02-21,GIG1
2017-02-22,DEL
2017-02-28,ASNT
2017-02-28,DWOG
2017-02-28,HVST
2017-02-28,ZNRG
2017-03-02,CDMO
2017-03-02,CDMOP
2017-03-02,PPHM
2017-03-02,PPHMP
2017-03-02,RESN
2017-03-02,SBBX
2017-03-02,SSI
2017-03-03,CVO
2017-03-03,CVOVQ
2017-03-03,WTRH
2017-03-06,BSF
2017-03-08,CVRS
2017-03-08,DSKE
2017-03-09,PHH_old
2017-03-10,NAV
2017-03-13,GCP
2017-03-13,LDWY
2017-03-13,SLNO
2017-03-13,UTEK
2017-03-14,CECE
2017-03-14,SBY
2017-03-15,MDCA
2017-03-17,NICK
2017-03-17,SITO
2017-03-17,SITOQ
2017-03-23,SRLP
2017-03-23,TLFA
2017-03-24,FSNN
2017-03-24,RT
2017-03-27,MEET
2017-03-29,SIFI_old
2017-03-30,QHC
2017-04-03,QUMU
2017-04-04,EXAR
2017-04-04,VTL
2017-04-06,DALN
2017-04-06,ECTE
2017-04-07,AY
2017-04-07,AYX
2017-04-07,VLRX
2017-04-07,VLRXQ
2017-04-10,CCN
2017-04-13,DRNA
2017-04-17,ENOC
2017-04-20,SVU
2017-04-24,CVON
2017-04-25,JMDA
2017-04-26,NWY
2017-04-26,RTW
2017-05-01,ALSK
2017-05-01,GADS
2017-05-01,PHMD
2017-05-02,CFBI
2017-05-02,GRP-UN
2017-05-03,CWAY
2017-05-03,XRM
2017-05-04,AKRX
2017-05-04,AKRXQ
2017-05-05,SNCR
2017-05-08,CDXC
2017-05-08,LLEXQ
2017-05-08,ROSE_old
2017-05-08,ROSEQ
2017-05-09,LTMP
2017-05-10,ELOS
2017-05-11,PRXL
2017-05-12,IGCC
2017-05-12,VRTU
2017-05-16,HOFSQ
2017-05-16,NAO
2017-05-18,ATHN
2017-05-18,FENCF
2017-05-18,KATE
2017-05-19,BHVN_old
2017-05-22,HH
2017-05-22,NRE
2017-05-25,WFBI
2017-05-26,CFCO
2017-05-26,CFCOU
2017-05-26,FGL_old
2017-05-30,CGG
2017-05-30,PLPM
2017-05-31,SSUP
2017-05-31,SUP
2017-06-01,SHOR
2017-06-01,WNRL
2017-06-05,ORM
2017-06-08,JWN
2017-06-09,SGH
2017-06-09,XCO
2017-06-09,XCOOQ
2017-06-12,COWN
2017-06-12,COWNL
2017-06-12,EGAS
2017-06-16,PRSS
2017-06-19,BCOV
2017-06-19,IVOB
2017-06-19,KBLMU
2017-06-20,BOMN
2017-06-26,CLUB_old
2017-06-26,CLUBQ
2017-06-28,GFED
2017-06-28,SBOT
2017-06-29,ATNX
2017-06-29,ATNXQ
2017-06-29,PRTO_old
2017-07-03,PEGI
2017-07-05,FTLFD
2017-07-06,CISN
2017-07-07,HYGS
2017-07-07,SGEN
2017-07-07,STAR
2017-07-10,BIOS_old
2017-07-10,SRNEQ
2017-07-10,TNTR
2017-07-12,MRVC
2017-07-12,NTP
2017-07-12,RATE_old
2017-07-18,CBB
2017-07-18,HCOM_old
2017-07-18,SPI
2017-07-20,MATR
2017-07-20,MXWL
2017-07-21,ATW
2017-07-21,BKJ
2017-07-21,ENTL_old
2017-07-24,CAPSD
2017-07-25,GSRX
2017-07-27,AKCA
2017-07-27,SCLN
2017-07-31,ALPN
2017-07-31,ENZY
2017-07-31,IMH
2017-07-31,IMPHO
2017-07-31,IMPM
2017-08-04,EMGCQ
2017-08-17,JMBA
2017-08-17,PFSW
2017-08-23,RSYS
2017-08-25,BETR_old
2017-08-25,ISDR
2017-08-28,OME
2017-08-30,MXPT
2017-08-31,ATV
2017-08-31,IVTY
2017-09-01,ZPIN
2017-09-05,DRYS
2017-09-05,PERF_old
2017-09-07,GUID
2017-09-08,PACDQ
2017-09-11,DVCR
2017-09-11,EYES_old
2017-09-13,WECT
2017-09-15,AXGT
2017-09-15,MYOV
2017-09-15,SIOX
2017-09-19,VRS
2017-09-26,GECCL
2017-09-26,JAX
2017-09-27,HWCC
2017-09-28,ACER
2017-10-04,MOBL
2017-10-05,OAS
2017-10-05,OASPQ
2017-10-05,OMP
2017-10-05,UQM
2017-10-06,TYPE
2017-10-10,ROKA
2017-10-16,ERN
2017-10-16,LPAD
2017-10-23,BHLB
2017-10-26,ALJJ
2017-10-26,ANDX
2017-10-26,APLP
2017-10-26,NBLX
2017-10-26,NS
2017-10-26,PBPB
2017-10-26,RMP
2017-11-06,HIL
2017-11-06,HILI
2017-11-06,LONEQ
2017-11-13,ALDW
2017-11-13,MNKKQ
2017-11-13,OCRX
2017-11-16,PHXM
2017-11-17,GHL
2017-11-17,LUB
2017-11-20,BBQ
2017-11-20,DAVE_old
2017-11-20,HMST
2017-11-20,MLNX
2017-11-20,MSRTD
2017-11-20,OBELF
2017-11-20,PLXPQ
2017-11-21,GFN
2017-11-21,LPTX
2017-11-27,MIGID
2017-11-27,SCPH
2017-11-27,WIZP
2017-11-29,ASNS_old
2017-12-04,OTEL
2017-12-04,PTGEF
2017-12-05,CSOD
2017-12-08,CCR
2017-12-08,PFNX
2017-12-12,LBC
2017-12-18,ECCTD
2017-12-18,ECCTF
2017-12-18,PVAC
2017-12-18,ROCC
2017-12-18,SOLO
2017-12-18,SONC
2017-12-19,AMEH
2017-12-20,UNVR
2017-12-21,FMSA
2017-12-22,BRPA
2018-01-09,CNXR
2018-01-12,TGXSF
2018-01-23,ABLX
2018-01-26,REN
2018-01-26,TEAR
2018-01-29,AKG
2018-01-30,EMBI
2018-01-30,NMUS
2018-01-31,BBRG
2018-01-31,FCRE
2018-02-01,KTEC_old
2018-02-02,APEX
2018-02-02,CHKE
2018-02-02,HZN
2018-02-05,SPLP
2018-02-05,VIHD
2018-02-06,AGS
2018-02-07,MBII
2018-02-08,ARMO
2018-02-08,INNTW
2018-02-12,MBVX
2018-02-12,MBVXQ
2018-02-13,CCCR
2018-02-13,GTHX
2018-02-16,GV_old
2018-02-20,ATU
2018-02-21,DHCPQ
2018-02-21,EYEN
2018-02-22,HMI
2018-02-22,LAYN
2018-02-22,MTGE
2018-02-22,MTGEP
2018-02-23,MSG
2018-02-27,QES
2018-02-28,RLJE
2018-03-01,DL
2018-03-01,MOXC
2018-03-02,RAS
2018-03-02,RASF
2018-03-02,RASFD
2018-03-02,RASFN
2018-03-02,RASFQ
2018-03-02,RASLQ
2018-03-05,AIMT
2018-03-05,DFBHU
2018-03-05,EHIC
2018-03-07,TLRA
2018-03-08,INSY
2018-03-09,SPA
2018-03-09,STB
2018-03-09,STON
2018-03-12,AMBR_old
2018-03-12,HBMD
2018-03-19,VSI
2018-03-22,GIFI
2018-03-22,GORV
2018-03-22,LAZY
2018-03-23,ALDR
2018-03-23,KLDX
2018-03-26,TVPT
2018-03-27,GNMK
2018-04-02,MHLD
2018-04-04,FRG
2018-04-04,GEHI
2018-04-04,JRVS
2018-04-04,JRVSD
2018-04-04,RYB
2018-04-04,TAXA
2018-04-05,CRZO
2018-04-05,GEENQ
2018-04-05,KANG
2018-04-05,PETX
2018-04-06,FIXX
2018-04-09,SHSP
2018-04-10,BDSI
2018-04-12,INFI
2018-04-12,INFIQ
2018-04-16,CVRS
2018-04-16,NFEC
2018-04-18,NEPHD
2018-04-20,AVXS
2018-04-23,AFSI
2018-04-23,LPNT
2018-04-23,OLBK
2018-04-27,GLOG
2018-04-27,GLOP
2018-04-30,ATIS
2018-04-30,MRDN_old
2018-04-30,TEUM
2018-05-04,COT
2018-05-04,PRMW
2018-05-07,GRA
2018-05-07,STDY
2018-05-08,HEAR
2018-05-09,FUV
2018-05-11,KONA
2018-05-11,KONA_old
2018-05-11,KONAQ
2018-05-14,FSNN
2018-05-14,FSNNQ
2018-05-16,ESND
2018-05-17,MRIN
2018-05-18,BLNKW
2018-05-21,DTEA
2018-05-23,MEIP
2018-05-24,ASNT
2018-05-24,CVLB
2018-05-24,CVLBD
2018-05-24,ESGR
2018-05-24,HVST
2018-05-25,GCVRZ
2018-05-29,CLXT
2018-05-29,SVU
2018-05-31,TECR
2018-06-01,MNTX
2018-06-06,ANW
2018-06-06,ANWWQ
2018-06-07,WOW
2018-06-08,WEB
2018-06-11,AMNL
2018-06-11,BFAGY
2018-06-11,BFRA
2018-06-11,CPLG
2018-06-13,MCF
2018-06-14,STMHD
2018-06-18,CBPO
2018-06-19,IMV
2018-06-19,IMVIQ
2018-06-19,RLH
2018-06-22,HLIX
2018-06-26,ORM
2018-06-26,UPL
2018-06-26,UPLC
2018-06-27,DHXM
2018-06-27,NVLN
2018-06-28,ARQL
2018-06-29,COTV
2018-07-02,APTX
2018-07-02,BROGU
2018-07-02,EIDX
2018-07-02,JASN
2018-07-02,JASNQ
2018-07-02,MICT
2018-07-02,TIO
2018-07-03,CETYD
2018-07-05,TBIO_old
2018-07-05,XRM
2018-07-06,TCDAQ
2018-07-06,TCDA
2018-07-09,ZYXI
2018-07-09,ZYXIQ
2018-07-11,RVI_old
2018-07-11,RVIC
2018-07-12,EGC
2018-07-12,FTSV
2018-07-23,BKS
2018-07-23,OCLR
2018-07-23,PHH_old
2018-07-24,GMVPD
2018-07-25,TDDWW
2018-07-27,ALLK
2018-07-30,ENLK
2018-07-30,SYNT
2018-08-06,JT
2018-08-06,REPR
2018-08-07,RILYH
2018-08-08,BPSR
2018-08-09,XYLO
2018-08-10,MIFI
2018-08-16,MSL
2018-08-17,FMCIU
2018-08-21,ZOES
2018-08-23,LKM
2018-08-23,NBGV
2018-08-28,XSPT
2018-08-29,PFSW
2018-08-31,NAVG
2018-08-31,NXEO
2018-09-05,APRI
2018-09-07,CBB
2018-09-07,JMBA
2018-09-10,CSU
2018-09-10,LIFE_old1
2018-09-10,REIS
2018-09-17,ADAP
2018-09-17,EGL
2018-09-18,PMBC
2018-09-20,GCP
2018-09-21,MZRTF
2018-09-24,IVTY
2018-09-25,NRE
2018-09-26,PRNB
2018-09-26,SNMX
2018-10-01,TEN_old
2018-10-02,YMAB
2018-10-03,ICD
2018-10-03,ICDI
2018-10-03,ICDIQ
2018-10-04,KTWO_old
2018-10-04,PRSS
2018-10-05,ETTX
2018-10-05,SIC
2018-10-09,ICAD
2018-10-10,EMKR
2018-10-10,UROV
2018-10-12,CTAC_old
2018-10-12,FRBK
2018-10-12,GRTSQ
2018-10-12,GRTS
2018-10-16,GMRE
2018-10-19,ARAV
2018-10-19,FALCD
2018-10-22,CORI
2018-10-22,NETI
2018-10-24,GMO
2018-10-24,GMOL
2018-10-24,GMOLQ
2018-10-26,CHAP
2018-10-26,CHAPQ
2018-10-26,MRT_old
2018-10-26,NRCG
2018-10-26,VRRMW
2018-10-29,PHAS
2018-11-01,DNR
2018-11-01,ECYT
2018-11-01,LOGC_old1
2018-11-01,MLCT
2018-11-02,CCXI_old
2018-11-02,MACK
2018-11-08,CTRC
2018-11-08,CTRCQ
2018-11-08,GMDA
2018-11-08,GMDAQ
2018-11-09,AXNX
2018-11-13,ESIO
2018-11-13,INTX
2018-11-14,DWCH
2018-11-14,EQM
2018-11-14,SLGD
2018-11-16,EMCI
2018-11-19,GNC
2018-11-19,ROAN
2018-11-20,CNR_old2
2018-11-20,NCS
2018-11-23,IMMY
2018-11-26,BRPAU
2018-11-26,NHLD
2018-11-26,NRXPW
2018-11-26,SYNC
2018-11-26,TDW-WT
2018-11-27,XEC
2018-11-28,MDCA
2018-11-29,XOXO
2018-11-30,GPIC
2018-12-06,ASNS_old
2018-12-10,GPOR_old
2018-12-10,GPORQ
2018-12-11,AVDL
2018-12-11,MDR
2018-12-13,CLNC
2018-12-13,MGLN
2018-12-14,AUTO
2018-12-14,LINDW
2018-12-20,DRNA
2018-12-20,FNSR
2018-12-20,THOR_old
2018-12-21,EXDID
2018-12-21,HOFSQ
2018-12-21,NAO
2018-12-24,GTT
2018-12-24,GTTN
2018-12-24,GTTNQ
2018-12-27,ACFND
2018-12-27,PCTI
2019-01-11,NSU
2019-01-15,LOXO
2019-01-24,ALPN
2019-01-31,HYGS
2019-01-31,ONDS_old
2019-01-31,ONDSD
2019-02-01,BCOV
2019-02-04,LEAF
2019-02-04,UQM
2019-02-06,HZN
2019-02-08,CLSH
2019-02-08,CLSHD
2019-02-11,CHKGQ
2019-02-11,CVET
2019-02-11,MTFB
2019-02-13,OMSH
2019-02-14,VTLE
2019-02-14,ZOM
2019-02-21,ANCN
2019-02-22,HARP
2019-02-28,MITO
2019-02-28,SLCT
2019-03-01,BRTXD
2019-03-01,PBFX
2019-03-04,EMGCQ
2019-03-04,HNTWF
2019-03-04,HUNTW
2019-03-04,TCRR
2019-03-06,CMTA
2019-03-06,SNNA
2019-03-11,SKYS
2019-03-12,JAX
2019-03-15,GRIN_old
2019-03-15,OMED
2019-03-18,HBP
2019-03-18,RTIX
2019-03-18,SRGA
2019-03-21,ABMD
2019-03-21,ADVM
2019-03-22,PQG
2019-03-25,THWWW
2019-03-26,ENZ
2019-03-28,BHLB
2019-03-29,DSSI
2019-03-29,TRWH
2019-04-03,SOLY
2019-04-05,FVE
2019-04-05,PGNX
2019-04-05,SNH
2019-04-09,AIMI
2019-04-09,HEB
2019-04-11,COMM
2019-04-11,QHC
2019-04-12,EMPR
2019-04-12,NGM
2019-04-15,HMTV
2019-04-18,PDLI
2019-04-22,GRWCD
2019-04-22,KEG
2019-04-22,KEGX_old
2019-04-24,DALN
2019-04-24,JMU
2019-04-24,TPTX
2019-04-25,DOOR
2019-04-29,SFLY
2019-05-02,MATN
2019-05-02,MIGID
2019-05-02,WIZP
2019-05-06,CRZO
2019-05-06,GECCL
2019-05-06,GWGH
2019-05-06,SEAS
2019-05-09,CDXC
2019-05-09,SRNEQ
2019-05-10,CHS
2019-05-10,EVLV_old
2019-05-10,FTD
2019-05-10,IMBIQ
2019-05-10,TAST
2019-05-10,VWTR
2019-05-13,ALQA
2019-05-13,MINM
2019-05-16,AQ
2019-05-16,IMI
2019-05-16,TFVRD
2019-05-17,RGLS
2019-05-20,CTLP
2019-05-20,USAT
2019-05-20,USATP
2019-05-23,AMBR_old
2019-05-23,AXLA
2019-05-24,TVTY
2019-05-29,XYNO
2019-05-29,XYN
2019-05-31,DAVC
2019-06-12,BCDAD
2019-06-13,MDCL
2019-06-13,MODG
2019-06-14,MYOV
2019-06-17,ONCT
2019-06-18,AMEH
2019-06-24,NAVB
2019-06-26,AKRO
2019-06-27,PRVL
2019-07-02,ISUN
2019-07-02,PECK
2019-07-03,KRTX
2019-07-09,OTIVF
2019-07-09,OTIV
2019-07-15,BAGR
2019-07-15,SAUC
2019-07-17,FRANQ
2019-07-18,ACIA
2019-07-19,AKRX
2019-07-19,AKRXQ
2019-07-22,NBSE
2019-07-22,OHRP
2019-07-23,CBIO_old
2019-07-26,AMK
2019-07-29,XBIOW
2019-07-31,CDOR
2019-07-31,LVGO
2019-08-01,CHUCD
2019-08-01,CLDR
2019-08-07,BIOS_old
2019-08-07,CTOSW
2019-08-07,EXAS
2019-08-07,GHDX
2019-08-07,MPX
2019-08-08,MBCN
2019-08-12,MCRN
2019-08-15,ATAI_old
2019-08-15,ZVO
2019-08-16,AGE
2019-08-19,WAIR
2019-08-20,LL
2019-08-20,LLFLQ
2019-08-21,SPRT
2019-08-22,DVAX
2019-08-23,CAI_old
2019-08-26,CBLAQ
2019-08-26,CBL_old
2019-08-28,CTG
2019-08-29,IIN
2019-08-30,JASN
2019-08-30,JASNQ
2019-08-30,PDVW
2019-08-30,TLRD
2019-08-30,TLRDQ
2019-09-04,EAST
2019-09-05,ARDMQ
2019-09-05,CTRP
2019-09-09,DMTK
2019-09-09,DMTWQ
2019-09-13,JENGQ
2019-09-13,SOBRD
2019-09-16,CAPD
2019-09-17,STSA
2019-09-18,BLU
2019-09-19,CBPO
2019-09-20,IGMS
2019-09-20,MCF
2019-09-20,TBIO_old
2019-09-20,VRS
2019-09-24,SWTX
2019-09-26,ALDR
2019-09-26,BVSN
2019-10-01,GECCN
2019-10-04,GIFI
2019-10-07,MOSC
2019-10-07,VSTRD
2019-10-10,SOL_old
2019-10-10,SOL
2019-10-11,SP
2019-10-11,SPN
2019-10-11,SPNX
2019-10-15,BRFHD
2019-10-15,ZNRG
2019-10-17,VIE
2019-10-21,CSS
2019-10-23,JAG
2019-10-24,NIHD
2019-10-25,STMHD
2019-10-29,FLHI
2019-10-30,OAS
2019-10-30,OASPQ
2019-11-04,TTS
2019-11-08,CBTX
2019-11-08,OYST
2019-11-08,RAPT
2019-11-12,AVYA
2019-11-12,AVYAQ
2019-11-12,AXE
2019-11-12,FAT
2019-11-12,GLBD
2019-11-12,RILYO
2019-11-12,RILYH
2019-11-13,ETNB
2019-11-14,BMCH
2019-11-15,STXB
2019-11-18,EPZM
2019-11-18,KW
2019-11-19,VRAY
2019-11-21,GPX
2019-11-21,SRACU
2019-11-25,TPCO
2019-11-25,VALPQ
2019-11-27,WSTG
2019-12-02,SHSP
2019-12-02,SIC
2019-12-03,BREW_old
2019-12-04,HHC
2019-12-05,KLR
2019-12-06,CCNC
2019-12-06,TMSR
2019-12-09,BCOM
2019-12-12,PBPB
2019-12-13,PFMT
2019-12-13,PHLT
2019-12-16,ARQL
2019-12-19,DPLO
2019-12-19,GMO
2019-12-19,GMOL
2019-12-19,GMOLQ
2019-12-20,CRCM
2019-12-20,HSAC
2019-12-20,HSACU
2019-12-20,IMVTU
2019-12-20,IMVTW
2019-12-23,AACH
2019-12-27,NLTX
2019-12-30,BROG
2019-12-30,BROGW
2019-12-30,NFH
2020-01-03,ROSE_old
2020-01-03,ROSEQ
2020-01-03,UROV
2020-01-06,RST
2020-01-06,SFUN
2020-01-07,CLUB_old
2020-01-07,CLUBQ
2020-01-17,APTX
2020-01-17,VTNR
2020-01-17,VTNRQ
2020-01-21,PRTO_old
2020-01-21,VVNT
2020-01-22,RVLP
2020-01-24,COT
2020-01-24,FRGI
2020-01-24,PRMW
2020-01-30,TMBRQ
2020-01-31,UEPS
2020-02-03,MJCO
2020-02-06,IPHS
2020-02-10,SMRT_old
2020-02-10,SMRTQ
2020-02-11,BASI
2020-02-11,NOTV
2020-02-12,MITID
2020-02-14,ALTN
2020-02-14,DL
2020-02-14,ESGR
2020-02-14,WTT
2020-02-21,GSAH_old
2020-02-24,ATCX_old
2020-03-03,BWMC
2020-03-05,ESSCU
2020-03-05,SYNL
2020-03-06,BIG
2020-03-09,GCAP
2020-03-09,INTL_old
2020-03-11,MINI
2020-03-11,SSI
2020-03-12,OSG_old
2020-03-12,TESS
2020-03-13,EQXWF
2020-03-13,NOVN
2020-03-13,NOVNQ
2020-03-13,QDMID
2020-03-16,KEGXD
2020-03-16,WPX
2020-03-17,CTAC_old
2020-03-17,GDYNW
2020-03-23,DFPHU
2020-03-23,LPTX
2020-03-23,PTVCA
2020-03-23,PTVCB
2020-03-26,CHRA
2020-03-26,FCRD
2020-04-03,TEN_old
2020-04-06,SWIR
2020-04-08,SRLP
2020-04-13,CNMF
2020-04-13,TRQ
2020-04-13,VOXX
2020-04-15,ASFI
2020-04-16,ARAV
2020-04-16,DSKE
2020-04-16,STAY
2020-04-20,AVCT
2020-04-20,AVCTQ
2020-04-23,CUI
2020-04-23,ETTX
2020-04-23,GTT
2020-04-23,GTTN
2020-04-28,JCAP_old
2020-04-28,SDPI
2020-05-01,MOXC
2020-05-04,EYEN
2020-05-06,PMCBD
2020-05-08,PTLA
2020-05-08,TORC
2020-05-12,WTRH
2020-05-13,STML
2020-05-14,GAN
2020-05-14,INNT
2020-05-14,NEWA
2020-05-18,CETYD
2020-05-18,HMTV
2020-05-18,PTE
2020-05-18,PTEIQ
2020-05-18,SJOYW
2020-05-18,VRNT
2020-05-21,TEAR
2020-05-27,FPAC_old
2020-05-27,MINM
2020-05-27,NTP
2020-06-02,SPRCY
2020-06-02,TRPX
2020-06-02,TRPXD
2020-06-02,TRPXY
2020-06-04,SKYS
2020-06-12,ALTA
2020-06-12,PUB
2020-06-15,NKLA
2020-06-18,CLCT
2020-06-22,EVA
2020-06-22,LEAF
2020-06-26,RPTX
2020-06-26,SCON
2020-06-26,SCOND
2020-06-29,MICT
2020-06-29,RIVU
2020-06-29,TIO
2020-06-30,CLGX
2020-07-02,KAR
2020-07-02,NS
2020-07-02,PROG
2020-07-02,TROV
2020-07-06,ACY
2020-07-06,FFHL
2020-07-06,RTC
2020-07-10,AKUS
2020-07-10,FUSN
2020-07-14,HOFV
2020-07-14,MGTA
2020-07-16,NGHC
2020-07-24,TMUSR
2020-07-27,DMS
2020-07-27,DMSIW
2020-07-27,DMSL
2020-07-28,GSB
2020-07-30,PAND
2020-07-31,KNL
2020-08-04,IMRNW
2020-08-05,AGFS
2020-08-05,ITOS
2020-08-06,IOTC
2020-08-06,VVI
2020-08-07,MLVF
2020-08-12,AJX
2020-08-13,ALVR
2020-08-13,CMPI
2020-08-14,ETACU
2020-08-21,AXAS
2020-08-21,MR
2020-08-21,PFNX
2020-08-21,SWN
2020-08-24,CVAC
2020-08-25,PRNB
2020-08-26,BMTX
2020-08-28,MPLN
2020-08-28,MPLN-WT
2020-08-28,MPLNW
2020-08-31,HPKEW
2020-08-31,HUD
2020-08-31,MVEN
2020-09-01,FIIIU
2020-09-03,GRIF
2020-09-03,INDT
2020-09-08,CCH
2020-09-14,IMAB
2020-09-15,CTHR
2020-09-16,XSNXD
2020-09-17,NHLD
2020-09-18,GRIN_old
2020-09-18,VRTU
2020-09-21,WTRE_old
2020-09-23,CBPO
2020-09-23,DESP
2020-09-25,NUZE
2020-09-28,MTCR
2020-09-30,GTXMQ
2020-10-05,ASTID
2020-10-05,GRAY
2020-10-05,NBLX
2020-10-06,GPOR_old
2020-10-06,GPORQ
2020-10-08,JENGQ
2020-10-15,EIDX
2020-10-15,KDNY
2020-10-15,LINX
2020-10-16,EQOS
2020-10-16,ONCR
2020-10-16,SPRBD
2020-10-21,HLIX
2020-10-22,CURIW
2020-10-22,HBP
2020-10-22,SAQN
2020-10-22,SPI
2020-10-26,GOED
2020-10-26,JAX
2020-10-26,PAYAW
2020-10-26,PAYA
2020-10-26,POL
2020-10-26,TTCFW
2020-10-26,TTCF
2020-10-27,EAR
2020-10-29,AUGG
2020-10-29,BFGC
2020-10-29,BFGCD
2020-10-29,BSTC
2020-10-29,DPHCW
2020-10-29,MOBL
2020-10-29,RIDE
2020-10-29,RIDEW
2020-10-30,GECCL
2020-11-02,CDOR
2020-11-02,GWGH
2020-11-02,IKNX
2020-11-02,RTIX
2020-11-02,SRGA
2020-11-04,CERE
2020-11-04,CEREW
2020-11-04,MCEP
2020-11-04,MCF
2020-11-05,TCP
2020-11-09,CDR
2020-11-09,GMS
2020-11-10,TLMD
2020-11-10,TLMDW
2020-11-12,ADVWW
2020-11-13,SQZ
2020-11-17,CLI
2020-11-18,RILYO
2020-11-18,RILYH
2020-11-20,LEJU
2020-11-24,TRIRF
2020-11-24,TRIRW
2020-11-24,TRIT
2020-11-24,TRITW
2020-11-27,ENZ
2020-11-27,EOSEW
2020-11-27,ID
2020-11-27,IDICQ
2020-11-27,MESA
2020-11-30,RUHN
2020-12-01,GTTNQ
2020-12-02,AEL
2020-12-07,CCRC
2020-12-08,PTSCD
2020-12-11,CTOSW
2020-12-11,KNTE
2020-12-11,SBTX
2020-12-14,TUFN
2020-12-15,BNFT
2020-12-16,CPAH
2020-12-18,DM
2020-12-21,MN
2020-12-21,MNDT
2020-12-22,PRVL
2020-12-22,STXB
2020-12-23,ALSK
2020-12-23,WSG
2020-12-28,CLVRW
2020-12-28,MRUS
2020-12-28,PSTX
2020-12-30,ASLEW
2020-12-30,PMD
2020-12-30,XL
2020-12-31,PRCHW
2020-12-31,VRS
2021-01-04,ACKIU
2021-01-04,ARKOW
2021-01-05,FAT
2021-01-06,SYN
2021-01-19,ESTE
2021-01-19,LSEA
2021-01-21,AMCN
2021-01-21,ANTE
2021-01-21,MAGAA
2021-01-25,GMLP
2021-01-25,PVAC
2021-01-25,ROCC
2021-01-29,OXFD
2021-02-01,GHIV
2021-02-04,RTSLD
2021-02-05,APPH
2021-02-05,APPHQ
2021-02-10,RADI
2021-02-10,RADIW
2021-02-10,THS
2021-02-11,ITHXU
2021-02-11,MIMO
2021-02-16,ADN
2021-02-16,ADNWW
2021-02-16,BRSFD
2021-02-16,ETWO
2021-02-16,FSDC
2021-02-16,LABP
2021-02-16,MOSY
2021-02-16,TRNF
2021-02-16,TRNFD
2021-02-17,MITID
2021-02-17,PRET
2021-02-23,TERN
2021-03-03,FSRXU
2021-03-05,GPP
2021-03-05,MNKKQ
2021-03-08,CRHM
2021-03-08,SBE
2021-03-08,TPRE
2021-03-09,ROCRU
2021-03-11,MODG
2021-03-11,RLH
2021-03-15,STSA
2021-03-16,MYHI
2021-03-18,ADVM
2021-03-18,TREC
2021-03-18,VIEWQ
2021-03-18,VIEWW
2021-03-19,BRTXD
2021-03-19,CVLB
2021-03-19,IPV
2021-03-24,MIGID
2021-03-24,WIZP
2021-03-26,GNMK
2021-03-29,SPRT
2021-03-31,LVTX
2021-03-31,MFINL
2021-04-06,FLY_old
2021-04-07,DTRC
2021-04-07,DTRCD
2021-04-12,EMPR
2021-04-14,RPHM
2021-04-15,BSPI
2021-04-15,IKNA
2021-04-16,ENG
2021-04-16,ENGC
2021-04-16,ENGCQ
2021-04-20,IIN
2021-04-20,OEG
2021-04-20,SNNY
2021-04-20,VECT
2021-04-21,JOAN
2021-04-27,MYMD
2021-04-28,AMAR
2021-04-28,RAIN_old2
2021-04-30,BFI
2021-04-30,BFICQ
2021-04-30,IO
2021-04-30,IOGPQ
2021-05-03,EWTX_old
2021-05-04,SSOKD
2021-05-06,KNBE
2021-05-07,ALF_old
2021-05-07,ALFIW
2021-05-07,IMPL
2021-05-10,FLDM
2021-05-10,TCTM
2021-05-11,PWVI
2021-05-14,SKINW
2021-05-14,VSPRW
2021-05-17,BLDE
2021-05-17,BLDEW
2021-05-18,BASI
2021-05-18,NOTV
2021-05-19,LMRK
2021-05-19,LMRKN
2021-05-19,LMRKO
2021-05-19,LMRKP
2021-05-21,ENV
2021-05-26,URCCF
2021-05-27,CUTRQ
2021-05-27,CUTR
2021-05-27,FPVD
2021-05-27,MDCA
2021-05-27,SWKH
2021-06-03,NRXPW
2021-06-04,AADI
2021-06-14,CCX
2021-06-14,LTCHW
2021-06-14,TSIAW
2021-06-16,PNHT
2021-06-21,CURO
2021-06-21,CUROQ
2021-06-21,UPH
2021-06-23,ATIP
2021-06-25,CYT
2021-06-28,BAMR
2021-06-28,BNRE
2021-06-29,CAI_old
2021-06-29,MAPSW
2021-06-29,SSPK
2021-06-30,PNT
2021-07-02,BHG
2021-07-02,NEUE
2021-07-02,SYKE
2021-07-06,BRFHD
2021-07-06,CVLY
2021-07-06,ELMS
2021-07-06,ELMSW
2021-07-06,ELMWQ
2021-07-06,LACQ
2021-07-06,LMST
2021-07-06,SNCR
2021-07-12,AVPTW
2021-07-14,VRAR
2021-07-15,TLC
2021-07-21,IMGO
2021-07-26,EVLVU
2021-07-27,THCB
2021-07-27,TRTC
2021-07-27,UNRV
2021-07-29,VRMMQ
2021-07-30,BRDG
2021-08-02,BGRY
2021-08-02,BGRYW
2021-08-02,DCRCU
2021-08-02,HX
2021-08-02,SMFR
2021-08-04,BMNRD
2021-08-05,DOMA
2021-08-06,AZRE
2021-08-06,OMGA
2021-08-09,CSOD
2021-08-09,CYXT
2021-08-09,CYXTQ
2021-08-12,ICVX
2021-08-12,TBIO_old
2021-08-13,CHRA
2021-08-16,EPZM
2021-08-23,ELYM
2021-08-23,MIMOQ
2021-08-23,NBA
2021-08-23,NETI
2021-08-24,RKLY
2021-08-24,RKLYQ
2021-08-25,NXGN
2021-08-26,MOTNW
2021-08-30,ACND
2021-08-30,NGAC
2021-09-02,AGIL
2021-09-02,AKU
2021-09-07,IRNT
2021-09-07,IRNWQ
2021-09-09,AFHIF
2021-09-10,GTS
2021-09-13,RCOR
2021-09-15,SLGCW
2021-09-21,CRXT
2021-09-21,DVCR
2021-09-22,AFHBL
2021-09-22,AFHBQ
2021-09-23,CIFRW
2021-09-23,CTHR
2021-09-23,POLSW
2021-09-23,POLWQ
2021-09-24,EZFL
2021-09-27,DNA-WT
2021-09-29,HYZN
2021-09-29,HYZNW
2021-09-30,CEADD
2021-09-30,SRNA
2021-10-04,ACY
2021-10-05,ML
2021-10-05,RMRM
2021-10-05,XLRN
2021-10-06,KRAT
2021-10-07,ABST
2021-10-08,VLD
2021-10-18,AKYA
2021-10-18,SNCE
2021-10-18,THRX
2021-10-19,ADMS
2021-10-21,MMAT
2021-10-22,ARHH
2021-10-22,ARHHD
2021-10-22,ISO
2021-10-27,ICD
2021-10-27,ICDI
2021-10-27,ICDIQ
2021-10-27,PAVMW
2021-10-29,VTYX
2021-11-01,GSAH
2021-11-01,MBCN
2021-11-01,SJOYW
2021-11-02,BBLN
2021-11-02,PAE
2021-11-05,AVTE
2021-11-08,BTTX
2021-11-09,PTRS
2021-11-10,IOBT
2021-11-15,DCGOW
2021-11-17,QUOT
2021-11-17,ZIXI
2021-11-19,EMBK
2021-11-24,RILYO
2021-11-30,GORV
2021-11-30,LAZY
2021-11-30,LPTVD
2021-12-08,HGSH
2021-12-10,AMPS
2021-12-10,CBAH
2021-12-10,CTV
2021-12-10,PEAR
2021-12-10,PEARQ
2021-12-10,PEARW
2021-12-13,NTP
2021-12-15,BOXDQ
2021-12-15,BOXD
2021-12-17,CYAD
2021-12-17,CYADY
2021-12-20,DMYQ
2021-12-20,GRIN_old
2021-12-21,GLEO
2021-12-22,NES
2021-12-22,SSU
2021-12-23,MCG
2021-12-23,SHCO
2021-12-27,EQRX
2021-12-27,EQRXW
2021-12-27,OPTN
2021-12-29,CMPOW
2021-12-30,JRVS
2021-12-30,JRVSD
2021-12-30,PRDS
2022-01-03,ADTH
2022-01-03,ADTHW
2022-01-10,VORBQ
2022-01-10,VORB
2022-01-10,VORBW
2022-01-10,VORWQ
2022-01-12,BYTS
2022-01-19,VIGL
2022-01-21,CINC
2022-01-21,EIGR
2022-01-21,GLS
2022-01-21,GLSH
2022-01-24,WETF
2022-01-27,SBTX
2022-01-28,CONN
2022-01-31,FRBK
2022-02-01,SPPI
2022-02-03,EXTN
2022-02-03,VRRMW
2022-02-04,BOMN
2022-02-04,SRGA
2022-02-04,VIVO_old
2022-02-07,ACEV
2022-02-07,TMPO
2022-02-09,NR
2022-02-09,RTPZ
2022-02-10,PRETL
2022-02-10,PRETM
2022-02-10,PRETQ
2022-02-10,PRTMQ
2022-02-10,PRTNQ
2022-02-11,GRNA
2022-02-11,OASPW
2022-02-14,ARCE
2022-02-14,EURN
2022-02-14,IWBB
2022-02-14,TMNA
2022-02-15,MSRTD
2022-02-15,SQFL
2022-02-15,VCXA
2022-02-17,ACLX
2022-02-18,CPTN
2022-02-18,FWAV
2022-02-18,QNGY
2022-02-18,QNGYQ
2022-02-24,BDSI
2022-02-24,LMDX
2022-02-25,FSRD
2022-02-25,FSRDQ
2022-02-25,PGRE
2022-02-28,TALS
2022-02-28,TRML
2022-03-03,BWV
2022-03-04,DADA
2022-03-04,SEZNL
2022-03-07,FREE
2022-03-07,RDUS_old
2022-03-08,HTLF
2022-03-11,SCPL
2022-03-15,BIG
2022-03-17,TRSSF
2022-03-21,LBPH
2022-03-24,HEP
2022-03-24,HYMCW
2022-03-24,HYMCL
2022-03-25,TRKAQ
2022-03-30,ADGI
2022-03-30,FRGE
2022-04-04,LLAP
2022-04-04,XYLO
2022-04-05,PTNR
2022-04-05,PTNRY
2022-04-11,EMKR
2022-04-21,TRHC
2022-04-22,ESTE
2022-04-25,TTNP
2022-04-27,ANGN
2022-04-27,WTRH
2022-04-28,KIRK
2022-04-29,EQOS
2022-04-29,GCEHQ
2022-05-05,CVAC
2022-05-06,HLVX
2022-05-09,SDPI
2022-05-09,SMFRW
2022-05-11,AFI
2022-05-12,OPOF
2022-05-16,LNFA
2022-05-16,ZFOX
2022-05-26,CAMP_old
2022-05-26,CAMPQ
2022-05-27,CDEV
2022-05-31,BYON
2022-05-31,LDWY
2022-05-31,OSTK
2022-05-31,OSTKO
2022-06-01,CDR
2022-06-01,KDNY
2022-06-02,LCAPW
2022-06-02,MSPRZ
2022-06-03,FLJ
2022-06-03,NRXPW
2022-06-03,OIIM
2022-06-06,TREC
2022-06-07,GECCN
2022-06-10,APHE
2022-06-21,CBIO_old
2022-06-23,DRQ
2022-06-27,EGIO
2022-06-27,EGIOQ
2022-06-27,HRT
2022-06-27,LLNW
2022-06-27,SCTL
2022-06-28,PTVE
2022-06-30,ATLXD
2022-07-01,OBCI
2022-07-06,QTNT
2022-07-06,QTNTF
2022-07-06,QTNTQ
2022-07-06,VRNOF
2022-07-07,USAK
2022-07-07,VECT
2022-07-08,SLBG
2022-07-11,IIVI
2022-07-11,NGMS
2022-07-13,TYME
2022-07-15,VEC
2022-07-19,AXU
2022-07-21,PBPB
2022-07-22,HEXO
2022-07-25,OTMO
2022-07-27,ABL
2022-07-27,ERES
2022-07-27,GBNH
2022-07-28,MOND
2022-07-28,MONDQ
2022-07-29,FAZE
2022-07-29,FAZEW
2022-08-04,BRSFD
2022-08-05,ALVR
2022-08-05,ATCO
2022-08-08,PZN
2022-08-12,COWN
2022-08-12,COWNL
2022-08-15,CNFND
2022-08-16,MASI
2022-08-19,PET
2022-08-22,AMNL
2022-08-22,CYBE
2022-08-22,SSNT
2022-08-23,AKLI
2022-08-23,RBT
2022-08-26,LUXH
2022-08-26,LUXHQ
2022-08-31,FXLV
2022-09-02,HIL
2022-09-06,NOGN
2022-09-06,NOGNQ
2022-09-06,WESTW
2022-09-08,MYMD
2022-09-09,IRBT
2022-09-09,IRBTQ
2022-09-09,RVIV
2022-09-09,RVIVD
2022-09-14,SOL
2022-09-20,CDAK
2022-09-21,RCOR
2022-09-22,MITC
2022-09-23,LICYF
2022-09-23,SBOW
2022-09-28,THRD
2022-09-29,SDIG
2022-10-03,PRST
2022-10-13,BGXX
2022-10-14,KNBE
2022-10-17,GLT
2022-10-27,AKUS
2022-10-28,AXAS
2022-11-07,BHSE
2022-11-08,KW
2022-11-10,BBLN
2022-11-10,CMRX
2022-11-14,EVBN
2022-11-15,SIEN
2022-11-15,SIENQ
2022-11-17,RIDE
2022-11-17,SRNEQ
2022-11-23,HOUS
2022-11-25,AGBA
2022-11-25,INDT
2022-11-30,BYU
2022-12-01,COUP
2022-12-05,EAR
2022-12-08,MTCR
2022-12-08,VAPO
2022-12-09,MBCN
2022-12-15,HWGC
2022-12-16,OSAP
2022-12-16,OSAPQ
2022-12-21,BRDS
2022-12-21,EAST
2022-12-22,AKU
2022-12-23,LEV
2023-01-06,MHLD
2023-01-11,NSTB
2023-01-11,SLGD
2023-01-17,HYRE
2023-01-18,VTRU
2023-01-19,BLDE
2023-01-19,BLDEW
2023-01-20,CURO
2023-01-20,CUROQ
2023-01-23,MESA
2023-01-23,MKUL
2023-01-23,MKULQ
2023-01-26,CLIN
2023-01-26,POL
2023-01-26,POLSW
2023-01-26,POLWQ
2023-02-01,EXPR
2023-02-01,EXPRQ
2023-02-02,ATNX
2023-02-02,ATNXQ
2023-02-09,INKA
2023-02-09,NIRLQ
2023-02-09,NIR
2023-02-09,RILYO
2023-02-10,QFTA
2023-02-10,RNLX
2023-02-10,RNLXD
2023-02-10,VIGL
2023-02-13,CINC
2023-02-13,NKLA
2023-02-14,ADES
2023-02-14,LMST
2023-02-15,LUMO
2023-02-16,MURF
2023-02-22,HTBI
2023-02-22,RWLK
2023-02-22,TA
2023-02-24,AEHA
2023-02-24,LGTO
2023-02-28,LAAC
2023-03-03,LNKB
2023-03-08,RADI
2023-03-10,BNMV
2023-03-10,CTG
2023-03-10,ROI
2023-03-10,ZEST
2023-03-13,ADRA
2023-03-13,BNRE
2023-03-14,JNCE
2023-03-16,FREE
2023-03-23,HEAR
2023-03-27,ENZ
2023-03-28,ACGN
2023-03-30,PRTK
2023-03-31,ALIM
2023-04-06,MNTV
2023-04-11,CTHR
2023-04-13,CUTRQ
2023-04-13,CUTR
2023-04-17,OBSV
2023-04-20,ACAB
2023-04-21,CERE
2023-04-27,VRAY
2023-05-11,FRG
2023-05-12,ROCC
2023-05-15,CRKR
2023-05-15,CRKRD
2023-05-18,SLNO
2023-05-19,RENB
2023-05-22,PIRS
2023-05-23,GTAC
2023-05-25,EMAN
2023-05-25,LL
2023-05-25,LLFLQ
2023-05-30,DM
2023-06-01,SLGG
2023-06-02,TYGOW
2023-06-06,GRNA
2023-06-15,XBIOW
2023-06-16,MNK
2023-06-16,MNKTQ
2023-06-20,AXDX
2023-06-20,AXDXQ
2023-06-20,HYBT
2023-06-23,NEX
2023-06-28,TRIQ
2023-07-10,ABLLW
2023-07-13,LTCHW
2023-07-17,LCAPW
2023-07-20,QUOT
2023-07-21,ABST
2023-07-21,TTNP
2023-07-27,AIMI
2023-07-27,NLTX
2023-07-28,CMLS
2023-07-31,PMGM
2023-08-02,CCF
2023-08-03,CCLP
2023-08-08,SOVO
2023-08-10,ELIQ
2023-08-14,PSTX
2023-08-17,ARCE
2023-08-18,DBTX
2023-08-18,IVAC
2023-08-21,GMDA
2023-08-21,GMDAQ
2023-08-24,EMKR
2023-08-24,JUPW
2023-08-24,ZYNE
2023-08-25,SCPL
2023-08-25,SCTL
2023-08-31,NBSE
2023-09-01,RVNC
2023-09-05,RVLP
2023-09-07,CMXC
2023-09-07,NHIQ
2023-09-11,CYAP
2023-09-11,HLTH
2023-09-12,MRDB
2023-09-15,IMPL
2023-09-27,DALN
2023-09-27,RCLF
2023-09-28,NSTG
2023-09-28,NSTGQ
2023-10-11,PCTI
2023-10-11,VOXX
2023-10-11,YTEN
2023-10-12,LLAP
2023-10-16,BYON
2023-10-16,ETWO
2023-10-16,OSTK
2023-10-19,CYT
2023-10-19,CYTT
2023-10-19,GTH
2023-10-20,EIGR
2023-10-25,VSTO
2023-10-26,KNW
2023-10-26,KNWND
2023-10-26,VIEW
2023-10-26,VIEWW
2023-10-27,PRST
2023-10-30,PCCT
2023-10-31,NM
2023-10-31,NMPRG
2023-10-31,NMPRH
2023-11-03,RPTX
2023-11-06,HOLI
2023-11-06,PNT
2023-11-07,BFX
2023-11-07,BFXXQ
2023-11-07,NLS
2023-11-13,THTX
2023-11-24,HNRA
2023-11-24,SP
2023-11-24,THRX
2023-11-27,KRON
2023-11-27,UPH
2023-11-29,ICLK
2023-12-01,IMAB
2023-12-04,SNCR
2023-12-11,NVRO
2023-12-11,ROVR
2023-12-12,LDDDD
2023-12-13,SSNT
2023-12-19,SEV_old1
2023-12-19,SEVCD
2023-12-19,SEVCF
2023-12-19,SEVCQ
2023-12-20,PX
2023-12-22,LICYF
2023-12-22,RYB
2023-12-26,NETI
2024-01-03,CPLP
2024-01-03,LDTC
2024-01-05,HPH
2024-01-08,PNST
2024-01-16,DZSI
2024-01-18,HARP
2024-01-19,BFAC
2024-01-22,DSKE
2024-01-23,ACRX
2024-01-29,AGFY
2024-01-29,B_old
2024-02-01,VSCO
2024-02-06,PTWO
2024-02-12,BFIN
2024-02-12,CLSH
2024-02-14,LSB
2024-02-15,LEGT-UN
2024-02-16,VGR
2024-02-22,FLME
2024-03-07,DMSL
2024-03-25,FUSN
2024-04-01,OPGN
2024-04-18,JWN
2024-04-19,TAST
2024-04-23,AILEW
2024-04-23,AILE
2024-04-23,FHLT
2024-05-01,NAPA
2024-05-08,CONX_old
2024-05-15,CLVRW
2024-05-28,BITF
2024-05-29,ATRI
2024-05-29,CONN
2024-05-30,WOW
2024-06-13,HIBB
2024-06-18,AJX
2024-06-25,VAPO
2024-06-27,SEQL
2024-06-28,EOSEW
2024-07-09,CRCQW
2024-07-12,BLDE
2024-07-12,BLDEW
2024-07-30,ESGR
2024-07-31,VTNR
2024-07-31,VTNRQ
2024-08-07,TWKS
2024-08-12,SILK
2024-08-29,CHUY
2024-09-12,FLGC
2024-09-16,DVAX
2024-09-19,CMPOW
2024-09-24,SMAR
2024-10-08,FFWM
2024-10-11,SSIC
2024-10-21,SGN
2024-10-28,BYON
2024-10-28,KIRK
2024-11-04,GLYC
2024-11-07,RTC
2024-11-07,RTCJD
2024-11-08,ACLX
2024-11-08,MODV
2024-11-14,DALN
2024-11-14,PHX
2024-12-10,ABL
2024-12-10,ABLLW
2024-12-11,QIPT
